Date,Ping,Download-Speed,Upload-Speed
Fri Jan 27 16:34:01  2017,52.181 ,16.42 ,9.89 
Fri Jan 27 16:51:01  2017,65.498 ,10.42 ,7.14 
Fri Jan 27 17:00:01  2017,x,x,x
Fri Jan 27 17:17:01  2017,x,x,x
Fri Jan 27 17:34:02  2017,x,x,x
Fri Jan 27 17:51:01  2017,x,x,x
Fri Jan 27 18:00:01  2017,x,x,x
Sat Jan 28 13:30:01  2017,x,x,x
Sat Jan 28 13:45:01  2017,x,x,x
Sat Jan 28 14:00:01  2017,x,x,x
Sat Jan 28 14:15:01  2017,x,x,x
Sat Jan 28 14:30:01  2017,60.383,1.03 ,0.00 
Sat Jan 28 14:45:01  2017,46.988 ,0.00 ,0.00 
Sat Jan 28 15:00:01  2017,x,x,x
Sat Jan 28 15:15:01  2017,x,x,x
Sat Jan 28 15:30:01  2017,x,x,x
Sat Jan 28 15:45:01  2017,x,x,x
Sat Jan 28 16:00:01  2017,72.652 ,0.00 ,0.00 
Sat Jan 28 16:15:01  2017,179.435 ,0.42 ,0.38 
Sat Jan 28 16:30:01  2017,46.539 ,0.96 ,0.00 
Sat Jan 28 16:45:01  2017,45.389 ,0.00 ,0.00 
Sat Jan 28 17:00:01  2017,x,x,x
Sat Jan 28 17:15:01  2017,54.648 ,0.52 ,0.00 
Sat Jan 28 17:30:01  2017,54.754 ,0.22 ,0.00 
Sat Jan 28 17:45:01  2017,29.958 ,23.94 ,6.99 
Sat Jan 28 18:00:01  2017,30.109 ,9.09 ,2.18 
Sat Jan 28 18:15:01  2017,30.465 ,15.99 ,4.74 
Sat Jan 28 18:30:01  2017,29.631 ,9.14 ,4.89 
Sat Jan 28 18:45:01  2017,29.978 ,20.34 ,4.72 
Sat Jan 28 19:00:01  2017,34.625 ,20.06 ,2.41 
Sat Jan 28 19:15:01  2017,30.93 ,12.94 ,2.73 
Sat Jan 28 19:30:01  2017,33.633 ,15.42 ,0.00 
Sat Jan 28 19:45:01  2017,30.796 ,8.49 ,3.07 
Sat Jan 28 20:00:01  2017,31.178 ,15.95 ,2.83 
Sat Jan 28 20:15:01  2017,35.952 ,11.07 ,3.68 
Sat Jan 28 20:30:01  2017,32.388 ,3.59 ,2.81 
Sat Jan 28 20:45:01  2017,31.139 ,17.12 ,2.76 
Sat Jan 28 21:00:01  2017,30.796 ,9.43 ,2.89 
Sat Jan 28 21:15:01  2017,31.059 ,10.17 ,3.03 
Sat Jan 28 21:30:01  2017,31.214 ,30.65 ,3.81 
Sat Jan 28 21:45:01  2017,30.025 ,11.34 ,2.55 
Sat Jan 28 22:00:01  2017,34.871 ,12.36 ,3.31 
Sat Jan 28 22:15:01  2017,35.256 ,5.06 ,2.92 
Sat Jan 28 22:30:01  2017,31.639 ,23.17 ,4.37 
Sat Jan 28 22:45:01  2017,33.649 ,28.15 ,3.87 
Sun Jan 29 15:30:01  2017,x,x,x
Sun Jan 29 15:45:01  2017,x,x,x
Sun Jan 29 16:00:01  2017,x,x,x
Sun Jan 29 16:15:01  2017,x,x,x
Sun Jan 29 16:30:01  2017,x,x,x
Sun Jan 29 16:45:01  2017,x,x,x
Sun Jan 29 17:00:01  2017,x,x,x
Sun Jan 29 17:15:01  2017,x,x,x
Sun Jan 29 17:30:01  2017,x,x,x
Sun Jan 29 17:45:01  2017,x,x,x
Sun Jan 29 18:00:01  2017,x,x,x
Sun Jan 29 18:15:01  2017,x,x,x
Sun Jan 29 18:30:01  2017,x,x,x
Sun Jan 29 18:45:01  2017,x,x,x
Sun Jan 29 19:00:01  2017,x,x,x
Sun Jan 29 19:15:01  2017,x,x,x
Sun Jan 29 19:30:01  2017,x,x,x
Sun Jan 29 19:45:01  2017,x,x,x
Sun Jan 29 20:00:01  2017,x,x,x
Sun Jan 29 20:15:01  2017,x,x,x
Sun Jan 29 20:30:01  2017,x,x,x
Sun Jan 29 20:45:01  2017,x,x,x
Sun Jan 29 21:00:01  2017,x,x,x
Sun Jan 29 21:15:01  2017,x,x,x
Sun Jan 29 21:30:01  2017,x,x,x
Sun Jan 29 21:45:01  2017,x,x,x
Sun Jan 29 22:00:01  2017,x,x,x
Sun Jan 29 22:15:01  2017,x,x,x
Sun Jan 29 22:30:01  2017,x,x,x
Sun Jan 29 22:45:01  2017,x,x,x
Sun Jan 29 23:00:01  2017,x,x,x
Sun Jan 29 23:15:01  2017,x,x,x
Sun Jan 29 23:30:01  2017,x,x,x
Sun Jan 29 23:45:01  2017,x,x,x
Mon Jan 30 00:00:01  2017,x,x,x
Mon Jan 30 00:15:01  2017,x,x,x
Mon Jan 30 00:30:01  2017,x,x,x
Mon Jan 30 00:45:02  2017,x,x,x
Mon Jan 30 01:00:01  2017,x,x,x
Mon Jan 30 01:15:01  2017,x,x,x
Mon Jan 30 01:30:01  2017,x,x,x
Mon Jan 30 01:45:01  2017,x,x,x
Mon Jan 30 02:00:01  2017,x,x,x
Mon Jan 30 02:15:01  2017,x,x,x
Mon Jan 30 02:30:01  2017,x,x,x
Mon Jan 30 02:45:01  2017,x,x,x
Mon Jan 30 03:00:01  2017,x,x,x
Mon Jan 30 03:15:01  2017,x,x,x
Mon Jan 30 03:30:01  2017,x,x,x
Mon Jan 30 03:45:01  2017,x,x,x
Mon Jan 30 04:00:01  2017,x,x,x
Mon Jan 30 04:15:01  2017,x,x,x
Mon Jan 30 04:30:01  2017,x,x,x
Mon Jan 30 04:45:01  2017,x,x,x
Mon Jan 30 05:00:01  2017,x,x,x
Mon Jan 30 05:15:01  2017,x,x,x
Mon Jan 30 05:30:01  2017,x,x,x
Mon Jan 30 05:45:01  2017,x,x,x
Mon Jan 30 06:00:01  2017,x,x,x
Mon Jan 30 06:15:01  2017,x,x,x
Mon Jan 30 06:30:01  2017,x,x,x
Mon Jan 30 06:45:02  2017,x,x,x
Mon Jan 30 07:00:01  2017,x,x,x
Mon Jan 30 07:15:01  2017,x,x,x
Mon Jan 30 07:30:01  2017,x,x,x
Mon Jan 30 07:45:01  2017,x,x,x
Mon Jan 30 08:00:01  2017,x,x,x
Mon Jan 30 08:15:01  2017,x,x,x
Mon Jan 30 08:30:01  2017,x,x,x
Mon Jan 30 08:45:01  2017,x,x,x
Mon Jan 30 09:00:01  2017,x,x,x
Mon Jan 30 09:15:01  2017,x,x,x
Mon Jan 30 09:30:01  2017,x,x,x
Mon Jan 30 09:45:01  2017,x,x,x
Mon Jan 30 10:00:01  2017,x,x,x
Mon Jan 30 10:15:01  2017,x,x,x
Mon Jan 30 10:30:01  2017,x,x,x
Mon Jan 30 10:45:01  2017,x,x,x
Mon Jan 30 11:00:01  2017,x,x,x
Mon Jan 30 11:15:01  2017,52.723,1.92 ,0.85 
Mon Jan 30 11:30:02  2017,x,x,x
Mon Jan 30 11:45:01  2017,60.989 ,0.21 ,0.00 
Mon Jan 30 12:00:01  2017,62.879 ,0.12 ,0.00 
Mon Jan 30 12:15:01  2017,x,x,x
Mon Jan 30 12:30:01  2017,x,x,x
Mon Jan 30 12:45:01  2017,x,x,x
Mon Jan 30 13:00:02  2017,x,x,x
Tue Jan 31 12:15:01  2017,x,x,x
Tue Jan 31 16:45:02  2017,x,x,x
Tue Jan 31 17:00:01  2017,x,x,x
Tue Jan 31 17:15:01  2017,x,x,x
Tue Jan 31 17:30:01  2017,x,x,x
Tue Jan 31 17:45:01  2017,58.969,0.60 ,3.18 
Tue Jan 31 18:00:01  2017,x,x,x
Tue Jan 31 18:15:01  2017,x,x,x
Tue Jan 31 18:30:01  2017,x,x,x
Tue Jan 31 18:45:01  2017,x,x,x
Tue Jan 31 19:00:02  2017,x,x,x
Tue Jan 31 19:15:01  2017,46.281,0.14 ,0.00 
Tue Jan 31 19:30:01  2017,113.519 ,0.20 , 3.97 
Tue Jan 31 19:45:01  2017,x,x,x
Tue Jan 31 20:00:01  2017,x,x,x
Tue Jan 31 20:15:01  2017,52.865 ,0.69 ,0.05 
Tue Jan 31 20:30:01  2017,x,x,x
Tue Jan 31 20:45:01  2017,x,x,x
Tue Jan 31 21:00:01  2017,116.91 ,1.18 ,4.77 
Tue Jan 31 21:15:01  2017,x,x,x
Tue Jan 31 21:30:01  2017,37.645 ,0.28 ,0.00 
Tue Jan 31 21:45:01  2017,x,x,x
Tue Jan 31 22:00:01  2017,x,x,x
Tue Jan 31 22:15:02  2017,47.101,2.17 ,7.45 
Tue Jan 31 22:30:01  2017,42.783 ,0.18 ,2.87 
Tue Jan 31 22:45:01  2017,x,x,x
Tue Jan 31 23:00:01  2017,x,x,x
Tue Jan 31 23:15:01  2017,x,x,x
Tue Jan 31 23:30:01  2017, 47.882,0.44 ,0.05 
Tue Jan 31 23:45:01  2017,115.26 ,0.25 ,0.00 
Wed Feb  1 00:00:02  2017,x,x,x
Wed Feb  1 00:15:01  2017,x,x,x
Wed Feb  1 00:30:01  2017,x,x,x
Wed Feb  1 00:45:01  2017,52.887,0.27 ,0.04 
Wed Feb  1 01:00:02  2017,39.429 ,0.46 ,2.93 
Wed Feb  1 01:15:01  2017,x,x,x
Wed Feb  1 01:30:01  2017,43.379,1.68 ,0.00 
Wed Feb  1 01:45:01  2017,x,x,x
Wed Feb  1 02:00:01  2017,54.161,0.20 ,0.00 
Wed Feb  1 02:15:01  2017,x,x,x
Wed Feb  1 02:30:01  2017,404.715 ,0.32 ,0.00 
Wed Feb  1 02:45:01  2017,x,x,x
Wed Feb  1 03:00:01  2017,x,x,x
Wed Feb  1 03:15:01  2017,x,x,x
Wed Feb  1 03:30:01  2017,x,x,x
Wed Feb  1 03:45:01  2017,x,x,x
Wed Feb  1 04:00:01  2017,34.851 ,1.99 ,0.95 
Wed Feb  1 04:15:01  2017,x,x,x
Wed Feb  1 04:30:01  2017,33.926 ,2.06 ,0.00 
Wed Feb  1 04:45:01  2017,x,x,x
Wed Feb  1 05:00:01  2017,x,x,x
Wed Feb  1 05:15:01  2017,33.529,0.75 ,0.00 
Wed Feb  1 05:30:01  2017,34.475 ,0.91 ,0.00 
Wed Feb  1 05:45:01  2017,x,x,x
Wed Feb  1 06:00:01  2017,x,x,x
Wed Feb  1 06:15:01  2017,x,x,x
Wed Feb  1 06:30:01  2017,x,x,x
Wed Feb  1 06:45:01  2017,49.474,3.47 ,0.00 
Wed Feb  1 07:00:01  2017,x,x,x
Wed Feb  1 07:15:01  2017,x,x,x
Wed Feb  1 07:30:02  2017,50.774,0.28 ,0.00 
Wed Feb  1 07:45:01  2017,37.417 ,0.09 ,0.00 
Wed Feb  1 08:00:01  2017,x,x,x
Wed Feb  1 08:15:02  2017,x,x,x
Wed Feb  1 08:30:01  2017,46.813 ,0.52 ,0.00 
Wed Feb  1 08:45:01  2017,x,x,x
Wed Feb  1 09:00:01  2017,x,x,x
Wed Feb  1 09:15:01  2017,x,x,x
Wed Feb  1 09:30:01  2017,x,x,x
Wed Feb  1 09:45:01  2017,x,x,x
Wed Feb  1 10:00:01  2017,x,x,x
Wed Feb  1 10:15:01  2017,x,x,x
Wed Feb  1 10:30:01  2017,x,x,x
Wed Feb  1 10:45:01  2017,x,x,x
Wed Feb  1 11:00:00  2017,x,x,x
Wed Feb  1 11:15:01  2017,x,x,x
Wed Feb  1 11:30:01  2017,x,x,x
Wed Feb  1 11:45:01  2017,x,x,x
Wed Feb  1 12:00:01  2017,x,x,x
Wed Feb  1 12:15:01  2017,x,x,x
Wed Feb  1 12:30:01  2017,x,x,x
Wed Feb  1 12:45:01  2017,x,x,x
Wed Feb  1 13:00:01  2017,x,x,x
Wed Feb  1 13:15:01  2017,x,x,x
Wed Feb  1 13:30:01  2017,x,x,x
Wed Feb  1 13:45:01  2017,x,x,x
Wed Feb  1 14:00:01  2017,x,x,x
Wed Feb  1 14:15:01  2017,x,x,x
Wed Feb  1 14:30:01  2017,44.915 ,0.97 ,0.00 
Wed Feb  1 14:45:01  2017,x,x,x
Wed Feb  1 15:00:00  2017,x,x,x
Wed Feb  1 15:15:01  2017,x,x,x
Wed Feb  1 15:30:01  2017,x,x,x
Wed Feb  1 15:45:01  2017,x,x,x
Wed Feb  1 16:00:01  2017,x,x,x
Wed Feb  1 16:15:01  2017,47.502,0.31 ,0.03 
Wed Feb  1 16:30:01  2017,x,x,x
Wed Feb  1 16:45:01  2017,39.908,0.37 ,0.00 
Wed Feb  1 17:00:01  2017,x,x,x
Wed Feb  1 17:15:01  2017,x,x,x
Wed Feb  1 17:30:01  2017,x,x,x
Wed Feb  1 17:45:01  2017,x,x,x
Wed Feb  1 18:00:01  2017,62.063,1.82 ,0.03 
Wed Feb  1 18:15:01  2017,58.557 ,1.31 ,0.00 
Wed Feb  1 18:30:01  2017,x,x,x
Wed Feb  1 18:45:01  2017,x,x,x
Wed Feb  1 19:00:01  2017,x,x,x
Wed Feb  1 19:15:01  2017,x,x,x
Wed Feb  1 19:30:01  2017,x,x,x
Wed Feb  1 19:45:01  2017,54.715 ,0.38 ,0.04 
Wed Feb  1 20:00:01  2017,47.615 ,0.32 ,0.05 
Wed Feb  1 20:15:01  2017,46.881 ,2.94 ,0.02 
Wed Feb  1 20:30:01  2017,x,x,x
Wed Feb  1 20:45:01  2017,x,x,x
Wed Feb  1 21:00:01  2017,x,x,x
Wed Feb  1 21:15:01  2017,x,x,x
Wed Feb  1 21:30:01  2017,x,x,x
Wed Feb  1 21:45:01  2017,x,x,x
Wed Feb  1 22:00:01  2017,110.423,0.13 ,0.00 
Wed Feb  1 22:15:01  2017,x,x,x
Wed Feb  1 22:30:01  2017,x,x,x
Wed Feb  1 22:45:01  2017,x,x,x
Wed Feb  1 23:00:01  2017,x,x,x
Wed Feb  1 23:15:01  2017,x,x,x
Wed Feb  1 23:30:01  2017,48.047 ,0.55 ,0.00 
Wed Feb  1 23:45:01  2017,51.005,2.30 ,0.00 
Thu Feb  2 00:00:01  2017,x,x,x
Thu Feb  2 00:15:01  2017,x,x,x
Thu Feb  2 00:30:01  2017,53.924,1.28 ,0.00 
Thu Feb  2 00:45:01  2017, 59.134, 0.28 ,0.09 
Thu Feb  2 01:00:01  2017,39.658 ,0.74 ,0.06 
Thu Feb  2 01:15:01  2017,x,x,x
Thu Feb  2 01:30:01  2017,x,x,x
Thu Feb  2 01:45:01  2017,52.891 ,0.94, 0.05 
Thu Feb  2 02:00:01  2017,x,x,x
Thu Feb  2 02:15:01  2017,x,x,x
Thu Feb  2 02:30:01  2017,x,x,x
Thu Feb  2 02:45:01  2017,x,x,x
Thu Feb  2 03:00:01  2017,65.228 ,0.11 ,0.00 
Thu Feb  2 03:15:02  2017,x,x,x
Thu Feb  2 03:30:01  2017,x,x,x
Thu Feb  2 03:45:01  2017,x,x,x
Thu Feb  2 04:00:01  2017,x,x,x
Thu Feb  2 04:15:01  2017,31.615 ,0.86 ,0.16 
Thu Feb  2 04:30:01  2017,x,x,x
Thu Feb  2 04:45:01  2017,x,x,x
Thu Feb  2 05:00:02  2017,x,x,x
Thu Feb  2 05:15:01  2017,x,x,x
Thu Feb  2 05:30:01  2017,x,x,x
Thu Feb  2 05:45:01  2017,x,x,x
Thu Feb  2 06:00:01  2017,x,x,x
Thu Feb  2 06:15:01  2017,36.29,0.20 ,0.00 
Thu Feb  2 06:30:01  2017,x,x,x
Thu Feb  2 06:45:01  2017,x,x,x
Thu Feb  2 07:00:01  2017,45.934,0.61 ,0.00 
Thu Feb  2 07:15:01  2017,x,x,x
Thu Feb  2 07:30:01  2017,39.895,0.15 ,0.03 
Thu Feb  2 07:45:01  2017,x,x,x
Thu Feb  2 08:00:01  2017,x,x,x
Thu Feb  2 08:15:01  2017,48.121,0.82 ,0.00 
Thu Feb  2 08:30:01  2017,x,x,x
Thu Feb  2 08:45:01  2017,x,x,x
Thu Feb  2 09:00:01  2017,x,x,x
Thu Feb  2 09:15:01  2017,39.522,0.17 ,0.00 
Thu Feb  2 09:30:01  2017,x,x,x
Thu Feb  2 09:45:01  2017,x,x,x
Thu Feb  2 10:00:01  2017,x,x,x
Thu Feb  2 10:15:01  2017,x,x,x
Thu Feb  2 10:30:01  2017,x,x,x
Thu Feb  2 10:45:01  2017,x,x,x
Thu Feb  2 11:00:01  2017,x,x,x
Thu Feb  2 11:15:01  2017,x,x,x
Thu Feb  2 11:30:01  2017,x,x,x
Thu Feb  2 11:45:01  2017,x,x,x
Thu Feb  2 12:00:01  2017, 125.37,0.28 ,0.04 
Thu Feb  2 12:15:01  2017,42.513 ,0.27 ,0.00 
Thu Feb  2 12:30:01  2017,x,x,x
Thu Feb  2 12:45:01  2017,56.809 ,0.31 ,0.10 
Thu Feb  2 13:00:01  2017,57.524 ,1.25 ,0.09 
Thu Feb  2 13:15:01  2017,44.88 ,0.15 ,0.23 
Thu Feb  2 13:30:01  2017,x,x,x
Thu Feb  2 13:45:01  2017,x,x,x
Thu Feb  2 14:00:01  2017,47.928 ,1.47 ,0.00 
Thu Feb  2 14:15:01  2017,x,x,x
Thu Feb  2 14:30:01  2017,47.892 ,0.24 ,0.00 
Thu Feb  2 14:45:01  2017,x,x,x
Thu Feb  2 15:00:01  2017,x,x,x
Thu Feb  2 15:15:01  2017,x,x,x
Thu Feb  2 15:30:02  2017,x,x,x
Thu Feb  2 15:45:01  2017,x,x,x
Thu Feb  2 16:00:01  2017,x,x,x
Thu Feb  2 16:15:01  2017,x,x,x
Thu Feb  2 16:30:01  2017,x,x,x
Thu Feb  2 16:45:01  2017,x,x,x
Thu Feb  2 17:00:01  2017,x,x,x
Thu Feb  2 17:15:01  2017,x,x,x
Thu Feb  2 17:30:01  2017,x,x,x
Thu Feb  2 17:45:01  2017,53.256,0.30 ,0.05 
Thu Feb  2 18:00:01  2017,x,x,x
Thu Feb  2 18:15:01  2017,49.081,0.16 ,0.00 
Thu Feb  2 18:30:01  2017,x,x,x
Thu Feb  2 18:45:01  2017,x,x,x
Thu Feb  2 19:00:01  2017,x,x,x
Thu Feb  2 19:15:01  2017,46.011 ,2.99 ,0.00 
Thu Feb  2 19:30:01  2017,x,x,x
Thu Feb  2 19:45:01  2017,x,x,x
Thu Feb  2 20:00:01  2017,x,x,x
Thu Feb  2 20:15:01  2017,x,x,x
Thu Feb  2 20:30:01  2017,x,x,x
Thu Feb  2 20:45:01  2017,x,x,x
Thu Feb  2 21:00:01  2017,133.397,0.06 ,0.00 
Thu Feb  2 21:15:01  2017,44.802 ,0.18 ,0.16 
Thu Feb  2 21:30:01  2017,56.086 ,0.17 ,0.10 
Thu Feb  2 21:45:01  2017,x,x,x
Thu Feb  2 22:00:01  2017,x,x,x
Thu Feb  2 22:15:01  2017,x,x,x
Thu Feb  2 22:30:01  2017,x,x,x
Thu Feb  2 22:45:01  2017,x,x,x
Thu Feb  2 23:00:01  2017,x,x,x
Thu Feb  2 23:15:01  2017,38.437 ,0.54 ,0.09 
Thu Feb  2 23:30:01  2017,x,x,x
Thu Feb  2 23:45:01  2017,x,x,x
Fri Feb  3 00:00:01  2017,x,x,x
Fri Feb  3 00:15:01  2017,x,x,x
Fri Feb  3 00:30:01  2017,53.305 ,0.75 ,0.00 
Fri Feb  3 00:45:01  2017,x,x,x
Fri Feb  3 01:00:01  2017,x,x,x
Fri Feb  3 01:15:01  2017,44.927 ,0.21 ,0.00 
Fri Feb  3 01:30:01  2017,x,x,x
Fri Feb  3 01:45:01  2017,x,x,x
Fri Feb  3 02:00:01  2017,x,x,x
Fri Feb  3 02:15:01  2017,x,x,x
Fri Feb  3 02:30:01  2017,36.981 ,1.06 ,0.12 
Fri Feb  3 02:45:06  2017,x,x,x
Fri Feb  3 03:00:02  2017,x,x,x
Fri Feb  3 03:15:01  2017,36.424 ,0.24 ,0.05 
Fri Feb  3 03:30:01  2017,x,x,x
Fri Feb  3 03:45:01  2017,31.782 ,0.78 ,0.00 
Fri Feb  3 04:00:01  2017,x,x,x
Fri Feb  3 04:15:01  2017,38.579 ,1.12 ,0.00 
Fri Feb  3 04:30:01  2017,x,x,x
Fri Feb  3 04:45:01  2017,x,x,x
Fri Feb  3 05:00:01  2017,32.103, 0.19 ,0.00 
Fri Feb  3 05:15:01  2017,x,x,x
Fri Feb  3 05:30:01  2017,x,x,x
Fri Feb  3 05:45:01  2017,x,x,x
Fri Feb  3 06:00:01  2017,x,x,x
Fri Feb  3 06:15:01  2017,x,x,x
Fri Feb  3 06:30:01  2017,x,x,x
Fri Feb  3 06:45:01  2017,37.661 ,0.92 ,0.00 
Fri Feb  3 07:00:01  2017,x,x,x
Fri Feb  3 07:15:01  2017,119.242 ,0.35 ,0.00 
Fri Feb  3 07:30:01  2017,x,x,x
Fri Feb  3 07:45:01  2017,61.692 ,0.25 ,0.07 
Fri Feb  3 08:00:01  2017,x,x,x
Fri Feb  3 08:15:01  2017,x,x,x
Fri Feb  3 08:30:01  2017,x,x,x
Fri Feb  3 08:45:01  2017,x,x,x
Fri Feb  3 09:00:01  2017,x,x,x
Fri Feb  3 09:15:01  2017,x,x,x
Fri Feb  3 09:30:01  2017,x,x,x
Fri Feb  3 09:45:01  2017,180.227, 0.22 ,0.00 
Fri Feb  3 10:00:01  2017,x,x,x
Fri Feb  3 10:15:01  2017,x,x,x
Fri Feb  3 10:30:01  2017,119.232 ,0.12 ,0.00 
Fri Feb  3 10:45:01  2017,38.73 ,0.16 ,0.00 
Fri Feb  3 11:00:01  2017,1197.256,0.33 ,0.02 
Fri Feb  3 11:15:01  2017,39.432,0.17 ,0.00 
Fri Feb  3 11:30:01  2017,x,x,x
Fri Feb  3 11:45:01  2017,51.585 ,0.73 ,0.04 
Fri Feb  3 12:00:01  2017,126.738 ,0.22 ,0.02 
Fri Feb  3 12:15:01  2017,x,x,x
Fri Feb  3 12:30:01  2017,66.121 ,0.34 ,0.05 
Fri Feb  3 12:45:01  2017,x,x,x
Fri Feb  3 13:00:01  2017,x,x,x
Fri Feb  3 13:15:01  2017,x,x,x
Fri Feb  3 13:30:01  2017,x,x,x
Fri Feb  3 13:45:01  2017,69.612 ,0.27 ,0.00 
Fri Feb  3 14:00:01  2017,x,x,x
Fri Feb  3 14:15:01  2017,x,x,x
Fri Feb  3 14:30:01  2017,x,x,x
Fri Feb  3 14:45:01  2017,x,x,x
Fri Feb  3 15:00:01  2017,x,x,x
Fri Feb  3 15:15:01  2017,46.628 ,0.52 ,0.04 
Fri Feb  3 15:30:01  2017,x,x,x
Fri Feb  3 15:45:01  2017,x,x,x
Fri Feb  3 16:00:01  2017,x,x,x
Fri Feb  3 16:15:02  2017,x,x,x
Fri Feb  3 16:30:01  2017,108.565 ,0.29 ,0.00 
Fri Feb  3 16:45:01  2017,x,x,x
Fri Feb  3 17:00:01  2017,x,x,x
Fri Feb  3 17:15:01  2017,x,x,x
Fri Feb  3 17:30:01  2017,x,x,x
Fri Feb  3 17:45:01  2017,47.146 ,0.29 ,0.00 
Fri Feb  3 18:00:01  2017,x,x,x
Fri Feb  3 18:15:01  2017,x,x,x
Fri Feb  3 18:30:01  2017,x,x,x
Fri Feb  3 18:45:01  2017,x,x,x
Fri Feb  3 19:00:01  2017,98.734 ,0.36 ,0.00 
Fri Feb  3 19:15:01  2017,x,x,x
Fri Feb  3 19:30:01  2017,x,x,x
Fri Feb  3 19:45:01  2017,37.127 ,0.81 ,0.00 
Fri Feb  3 20:00:01  2017,x,x,x
Fri Feb  3 20:15:01  2017,x,x,x
Fri Feb  3 20:30:01  2017,x,x,x
Fri Feb  3 20:45:01  2017,x,x,x
Fri Feb  3 21:00:01  2017,x,x,x
Fri Feb  3 21:15:01  2017,x,x,x
Fri Feb  3 21:30:01  2017,x,x,x
Fri Feb  3 21:45:01  2017,x,x,x
Fri Feb  3 22:00:01  2017,37.129 ,0.61 ,0.00 
Fri Feb  3 22:15:01  2017,32.288 ,0.06 ,0.00 
Fri Feb  3 22:30:01  2017,x,x,x
Fri Feb  3 22:45:02  2017,40.233 ,0.50 ,0.00 
Fri Feb  3 23:00:01  2017,x,x,x
Fri Feb  3 23:15:01  2017,31.962 ,0.12 ,0.00 
Fri Feb  3 23:30:01  2017,38.482 ,0.08 ,1.23 
Fri Feb  3 23:45:01  2017,x,x,x
Sat Feb  4 00:00:01  2017,x,x,x
Sat Feb  4 00:15:01  2017,x,x,x
Sat Feb  4 00:30:01  2017,x,x,x
Sat Feb  4 00:45:01  2017,x,x,x
Sat Feb  4 01:00:01  2017,x,x,x
Sat Feb  4 01:15:01  2017,x,x,x
Sat Feb  4 01:30:01  2017,x,x,x
Sat Feb  4 01:45:01  2017,x,x,x
Sat Feb  4 02:00:01  2017,x,x,x
Sat Feb  4 02:15:01  2017,30.429,0.27 ,0.00 
Sat Feb  4 02:30:01  2017,34.007 ,0.23 ,0.00 
Sat Feb  4 02:45:01  2017,32.277 ,1.21 ,0.04 
Sat Feb  4 03:00:01  2017,x,x,x
Sat Feb  4 03:15:01  2017,x,x,x
Sat Feb  4 03:30:01  2017,x,x,x
Sat Feb  4 03:45:01  2017,x,x,x
Sat Feb  4 04:00:01  2017,x,x,x
Sat Feb  4 04:15:01  2017,31.46,0.60 ,0.00 
Sat Feb  4 04:30:01  2017,x,x,x
Sat Feb  4 04:45:01  2017,x,x,x
Sat Feb  4 05:00:01  2017,x,x,x
Sat Feb  4 05:15:01  2017,x,x,x
Sat Feb  4 05:30:01  2017,x,x,x
Sat Feb  4 05:45:01  2017,37.961,2.19 ,0.00 
Sat Feb  4 06:00:01  2017,x,x,x
Sat Feb  4 06:15:01  2017,x,x,x
Sat Feb  4 06:30:01  2017,34.39 ,0.47,0.00 
Sat Feb  4 06:45:02  2017,x,x,x
Sat Feb  4 07:00:01  2017,x,x,x
Sat Feb  4 07:15:01  2017,39.533 ,1.13 ,0.00 
Sat Feb  4 07:30:01  2017,x,x,x
Sat Feb  4 07:45:01  2017,x,x,x
Sat Feb  4 08:00:01  2017,x,x,x
Sat Feb  4 08:15:01  2017,38.311,7.33 ,0.03 
Sat Feb  4 08:30:01  2017,x,x,x
Sat Feb  4 08:45:01  2017,51.974,0.23 ,0.04 
Sat Feb  4 09:00:01  2017,36.23 ,0.23 ,0.00 
Sat Feb  4 09:15:01  2017,x,x,x
Sat Feb  4 09:30:01  2017,35.426 ,0.29 ,0.00 
Sat Feb  4 09:45:01  2017,x,x,x
Sat Feb  4 10:00:01  2017,x,x,x
Sat Feb  4 10:15:01  2017,x,x,x
Sat Feb  4 10:30:01  2017,x,x,x
Sat Feb  4 10:45:01  2017,x,x,x
Sat Feb  4 11:00:01  2017,x,x,x
Sat Feb  4 11:15:01  2017,x,x,x
Sat Feb  4 11:30:01  2017,x,x,x
Sat Feb  4 11:45:01  2017,49.247,1.21 ,0.00 
Sat Feb  4 12:00:01  2017,x,x,x
Sat Feb  4 12:15:01  2017,34.971, 1.29, 0.00 
Sat Feb  4 12:30:01  2017,x,x,x
Sat Feb  4 12:45:01  2017,x,x,x
Sat Feb  4 13:00:01  2017,x,x,x
Sat Feb  4 13:15:01  2017,52.985 ,0.05 ,0.00 
Sat Feb  4 13:30:01  2017,x,x,x
Sat Feb  4 13:45:01  2017,x,x,x
Sat Feb  4 14:00:01  2017,x,x,x
Sat Feb  4 14:15:01  2017,x,x,x
Sat Feb  4 14:30:01  2017,x,x,x
Sat Feb  4 14:45:01  2017,x,x,x
Sat Feb  4 15:00:01  2017,x,x,x
Sat Feb  4 15:15:01  2017,x,x,x
Sat Feb  4 15:30:01  2017,x,x,x
Sat Feb  4 15:45:01  2017,x,x,x
Sat Feb  4 16:00:01  2017,x,x,x
Sat Feb  4 16:15:01  2017,50.42 ,0.65 ,0.00 
Sat Feb  4 16:30:01  2017,x,x,x
Sat Feb  4 16:45:02  2017,x,x,x
Sat Feb  4 17:00:01  2017,x,x,x
Sat Feb  4 17:15:01  2017,x,x,x
Sat Feb  4 17:30:01  2017,43.296 ,0.42 ,0.05
Sat Feb  4 17:45:01  2017,x,x,x
Sat Feb  4 18:00:01  2017,x,x,x
Sat Feb  4 18:15:01  2017,x,x,x
Sat Feb  4 18:30:01  2017,x,x,x
Sat Feb  4 18:45:01  2017,x,x,x
Sat Feb  4 19:00:01  2017,x,x,x
Sat Feb  4 19:15:01  2017,183.087 ,0.19 ,0.00 
Sat Feb  4 19:30:01  2017,x,x,x
Sat Feb  4 19:45:01  2017,x,x,x
Sat Feb  4 20:00:01  2017,41.307 ,0.89 ,0.00 
Sat Feb  4 20:15:01  2017,x,x,x
Sat Feb  4 20:30:02  2017,x,x,x
Sat Feb  4 20:45:01  2017,x,x,x
Sat Feb  4 21:00:01  2017,35.786 ,0.27 ,0.00 
Sat Feb  4 21:15:01  2017,x,x,x
Sat Feb  4 21:30:01  2017,x,x,x
Sat Feb  4 21:45:01  2017,34.587 ,0.12 ,0.00 
Sat Feb  4 22:00:01  2017,x,x,x
Sat Feb  4 22:15:01  2017,x,x,x
Sat Feb  4 22:30:01  2017,77.002 ,0.19 ,0.03 
Sat Feb  4 22:45:01  2017,x,x,x
Sat Feb  4 23:00:01  2017,40.176 ,0.52 ,0.06 
Sat Feb  4 23:15:01  2017,x,x,x
Sat Feb  4 23:30:01  2017,33.498 ,0.77 ,0.07 
Sat Feb  4 23:45:01  2017,39.493 ,0.66 ,0.10
Sun Feb  5 00:00:01  2017,x,x,x
Sun Feb  5 00:15:01  2017,x,x,x
Sun Feb  5 00:30:01  2017,x,x,x
Sun Feb  5 00:45:01  2017,x,x,x
Sun Feb  5 01:00:01  2017,x,x,x
Sun Feb  5 01:15:01  2017,x,x,x
Sun Feb  5 01:30:01  2017,x,x,x
Sun Feb  5 01:45:01  2017,x,x,x
Sun Feb  5 02:00:01  2017,34.278 ,0.67 ,0.05 
Sun Feb  5 02:15:01  2017,x,x,x
Sun Feb  5 02:30:01  2017,x,x,x
Sun Feb  5 02:45:01  2017,38.795 ,1.32 ,0.13
Sun Feb  5 03:00:01  2017,x,x,x
Sun Feb  5 03:15:01  2017,36.816 ,2.11 ,0.00
Sun Feb  5 03:30:01  2017,x,x,x
Sun Feb  5 03:45:01  2017,x,x,x
Sun Feb  5 04:00:01  2017,x,x,x
Sun Feb  5 04:15:02  2017,x,x,x
Sun Feb  5 04:30:01  2017, 32.398 ,0.96 ,0.00 
Sun Feb  5 04:45:01  2017,38.321 ,1.18 ,0.06 
Sun Feb  5 05:00:01  2017,x,x,x
Sun Feb  5 05:15:01  2017,37.883 ,1.60 ,0.04 
Sun Feb  5 05:30:01  2017,x,x,x
Sun Feb  5 05:45:01  2017,37.585 ,0.29 ,0.00
Sun Feb  5 06:00:01  2017,x,x,x
Sun Feb  5 06:15:01  2017,x,x,x
Sun Feb  5 06:30:01  2017,x,x,x
Sun Feb  5 06:45:01  2017,x,x,x
Sun Feb  5 07:00:01  2017,x,x,x
Sun Feb  5 07:15:01  2017,39.605 ,0.49 ,0.00 
Sun Feb  5 07:30:01  2017,33.65 ,1.37 ,0.00 
Sun Feb  5 07:45:01  2017,33.351 ,0.08 ,0.00 
Sun Feb  5 08:00:01  2017,x,x,x
Sun Feb  5 08:15:01  2017,37.851 ,0.53 ,0.00 
Sun Feb  5 08:30:01  2017,x,x,x
Sun Feb  5 08:45:01  2017,x,x,x
Sun Feb  5 09:00:01  2017,x,x,x
Sun Feb  5 09:15:01  2017,x,x,x
Sun Feb  5 09:30:01  2017,x,x,x
Sun Feb  5 09:45:01  2017,x,x,x
Sun Feb  5 10:00:01  2017,x,x,x
Sun Feb  5 10:15:01  2017,x,x,x
Sun Feb  5 10:30:01  2017,x,x,x
Sun Feb  5 10:45:01  2017,x,x,x
Sun Feb  5 11:00:01  2017,x,x,x
Sun Feb  5 11:15:01  2017,x,x,x
Sun Feb  5 11:30:01  2017,x,x,x
Sun Feb  5 11:45:01  2017,x,x,x
Sun Feb  5 12:00:01  2017,35.076 ,0.22 ,0.00 
Sun Feb  5 12:15:01  2017,35.608 ,0.99 ,0.06 
Sun Feb  5 12:30:01  2017,x,x,x
Sun Feb  5 12:45:01  2017,36.795 ,0.53 ,0.00 
Sun Feb  5 13:00:01  2017,54.439 ,0.48 ,0.00 
Sun Feb  5 13:15:01  2017,x,x,x
Sun Feb  5 13:30:01  2017,x,x,x
Sun Feb  5 13:45:01  2017,40.283 ,0.14 ,0.00 
Sun Feb  5 14:00:01  2017,x,x,x
Sun Feb  5 14:15:01  2017,x,x,x
Sun Feb  5 14:30:01  2017,x,x,x
Sun Feb  5 14:45:01  2017,x,x,x
Sun Feb  5 15:00:01  2017,x,x,x
Sun Feb  5 15:15:01  2017,33.943 ,0.64 ,0.00 
Sun Feb  5 15:30:01  2017,x,x,x
Sun Feb  5 15:45:01  2017,x,x,x
Sun Feb  5 16:00:01  2017,x,x,x
Sun Feb  5 16:15:01  2017,x,x,x
Sun Feb  5 16:30:01  2017,x,x,x
Sun Feb  5 16:45:01  2017,x,x,x
Sun Feb  5 17:00:01  2017,x,x,x
Sun Feb  5 17:15:01  2017,x,x,x
Sun Feb  5 17:30:01  2017,x,x,x
Sun Feb  5 17:45:01  2017,x,x,x
Sun Feb  5 18:00:01  2017,46.592 ,0.22 ,0.00 
Sun Feb  5 18:15:01  2017,113.091 ,0.37 ,0.12 
Sun Feb  5 18:30:01  2017,x,x,x
Sun Feb  5 18:45:01  2017,56.106 ,0.22 ,0.00
Sun Feb  5 19:00:01  2017,x,x,x
Sun Feb  5 19:15:01  2017,x,x,x
Sun Feb  5 19:30:01  2017,x,x,x
Sun Feb  5 19:45:01  2017,x,x,x
Sun Feb  5 20:00:01  2017,x,x,x
Sun Feb  5 20:15:01  2017,x,x,x
Sun Feb  5 20:30:01  2017,x,x,x
Sun Feb  5 20:45:01  2017,x,x,x
Sun Feb  5 21:00:01  2017,x,x,x
Sun Feb  5 21:15:01  2017,x,x,x
Sun Feb  5 21:30:01  2017,x,x,x
Sun Feb  5 21:45:01  2017,x,x,x
Sun Feb  5 22:00:01  2017,x,x,x
Sun Feb  5 22:15:01  2017,x,x,x
Sun Feb  5 22:30:01  2017,x,x,x
Sun Feb  5 22:45:01  2017,52.206, 2.12 ,4.51 
Sun Feb  5 23:00:01  2017,53.435 ,4.24 ,2.42 
Sun Feb  5 23:15:02  2017,x,x,x
Sun Feb  5 23:30:01  2017,x,x,x
Sun Feb  5 23:45:01  2017,43.324 ,0.53 , 0.75 
Mon Feb  6 00:00:01  2017,34.595 ,2.76 ,1.47 
Mon Feb  6 00:15:01  2017,37.753 ,5.13 ,1.38 
Mon Feb  6 00:30:01  2017,35.299 ,6.22 ,0.63 
Mon Feb  6 00:45:01  2017,x,x,x
Mon Feb  6 01:00:01  2017,x,x,x
Mon Feb  6 01:15:01  2017,x,x,x
Mon Feb  6 01:30:01  2017,x,x,x
Mon Feb  6 01:45:01  2017,39.602 ,4.95 ,1.42 
Mon Feb  6 02:00:01  2017,x,x,x
Mon Feb  6 02:15:01  2017,33.434 ,6.10 , 1.52 
Mon Feb  6 02:30:01  2017,41.652 ,7.36 ,3.18 
Mon Feb  6 02:45:01  2017,35.143 ,6.21 ,4.30 
Mon Feb  6 03:00:01  2017,34.584 ,6.76 ,1.31 
Mon Feb  6 03:15:01  2017,33.108 ,7.23 ,1.67 
Mon Feb  6 03:30:01  2017,36.78 ,12.80 ,4.13 
Mon Feb  6 03:45:01  2017,36.063 ,7.15 ,2.82 
Mon Feb  6 04:00:01  2017,x,x,x
Mon Feb  6 04:15:01  2017,33.956 ,9.93 ,1.66 
Mon Feb  6 04:30:01  2017,40.74 ,6.78 ,2.55 
Mon Feb  6 04:45:01  2017,39.623 ,7.65 ,1.89 
Mon Feb  6 05:00:01  2017,38.459 ,3.85 ,2.18 
Mon Feb  6 05:15:01  2017,34.115 ,15.07 ,1.65 
Mon Feb  6 05:30:01  2017,x,x,x
Mon Feb  6 05:45:01  2017,x,x,x
Mon Feb  6 06:00:01  2017,34.107 ,6.49 ,1.18 
Mon Feb  6 06:15:01  2017,x,x,x
Mon Feb  6 06:30:01  2017,38.789 ,11.19 ,3.91 
Mon Feb  6 06:45:01  2017,x,x,x
Mon Feb  6 07:00:01  2017,x,x,x
Mon Feb  6 07:15:01  2017,35.788 ,1.50 ,1.82 
Mon Feb  6 07:30:01  2017,44.564 ,7.24 ,2.51 
Mon Feb  6 07:45:01  2017,53.616 ,2.32 ,1.79 
Mon Feb  6 08:00:01  2017,x,x,x
Mon Feb  6 08:15:01  2017,x,x,x
Mon Feb  6 08:30:01  2017,x,x,x
Mon Feb  6 08:45:01  2017,x,x,x
Mon Feb  6 09:00:01  2017,x,x,x
Mon Feb  6 09:15:01  2017,61.28 ,7.63 ,2.36
Mon Feb  6 09:30:01  2017,x,x,x
Mon Feb  6 09:45:01  2017,x,x,x
Mon Feb  6 10:00:01  2017,x,x,x
Mon Feb  6 10:15:01  2017,x,x,x
Mon Feb  6 10:30:01  2017,x,x,x
Mon Feb  6 10:45:01  2017, 56.246 ,0.94 ,0.00 
Mon Feb  6 11:00:01  2017,60.439 ,4.02 ,1.70 
Mon Feb  6 11:15:01  2017,41.124 ,3.14 ,2.67 
Mon Feb  6 11:30:01  2017,62.256 ,3.41 ,0.71 
Mon Feb  6 11:45:01  2017,x,x,x
Mon Feb  6 12:00:01  2017,52.834 ,5.43 ,1.10 
Mon Feb  6 12:15:01  2017,x,x,x
Mon Feb  6 12:30:01  2017,x,x,x
Mon Feb  6 12:45:01  2017,x,x,x
Mon Feb  6 13:00:01  2017,60.321 ,2.89 ,1.30 
Mon Feb  6 13:15:01  2017,45.505 ,0.65 ,2.39 
Mon Feb  6 13:30:01  2017,51.535 ,1.09 ,1.60 
Mon Feb  6 13:45:01  2017,49.305 ,4.50 ,3.16 
Mon Feb  6 14:00:01  2017,x,x,x
Mon Feb  6 14:15:01  2017,x,x,x
Mon Feb  6 14:30:01  2017,53.949 ,2.60 ,1.11 
Mon Feb  6 14:45:01  2017,48.635 ,4.08 ,1.48 
Mon Feb  6 15:00:01  2017,39.912,4.36 ,0.78 
Mon Feb  6 15:15:01  2017,53.931, 6.25 ,2.07 
Mon Feb  6 15:30:01  2017,49.391, 2.51, 0.97 
Mon Feb  6 15:45:01  2017,x,x,x
Mon Feb  6 16:00:01  2017,x,x,x
Mon Feb  6 16:15:01  2017,x,x,x
Mon Feb  6 16:30:01  2017,53.304 ,4.85 ,4.19 
Mon Feb  6 16:45:01  2017,46.438 ,5.42 ,4.57 
Mon Feb  6 17:00:01  2017,38.167 ,4.58 ,8.73 
Mon Feb  6 17:15:01  2017,55.724 ,1.43 ,10.33 
Mon Feb  6 17:30:01  2017,x,x,x
Mon Feb  6 17:45:01  2017,52.781 ,4.55 ,4.55 
Mon Feb  6 18:00:01  2017,x,x,x
Mon Feb  6 18:15:01  2017,59.784 ,3.72 ,9.84 
Mon Feb  6 18:30:01  2017,x,x,x
Mon Feb  6 18:45:01  2017,x,x,x
Mon Feb  6 19:00:01  2017,53.308 ,9.14 ,2.00 
Mon Feb  6 19:15:01  2017,47.099 ,5.54 ,5.50 
Mon Feb  6 19:30:01  2017,39.615 ,5.48 ,6.68
Mon Feb  6 19:45:01  2017,x,x,x
Mon Feb  6 20:00:01  2017,x,x,x
Mon Feb  6 20:15:01  2017,x,x,x
Mon Feb  6 20:30:01  2017,50.788 ,5.37 ,5.36 
Mon Feb  6 20:45:01  2017,x,x,x
Mon Feb  6 21:00:01  2017,53.376 ,2.92 ,4.10 
Mon Feb  6 21:15:01  2017,x,x,x
Mon Feb  6 21:30:01  2017,52.301 ,1.44 ,6.58 
Mon Feb  6 21:45:01  2017,x,x,x
Mon Feb  6 22:00:02  2017,54.827 ,4.26 ,6.00 
Mon Feb  6 22:15:01  2017,58.777 ,1.40 ,3.50 
Mon Feb  6 22:30:01  2017,51.041 ,1.32 ,3.82 
Mon Feb  6 22:45:01  2017,52.906 ,2.35 ,3.23 
Mon Feb  6 23:00:02  2017,47.634 ,1.55 ,4.80 
Mon Feb  6 23:15:01  2017,54.81 ,5.08 ,12.95 
Mon Feb  6 23:30:01  2017,49.352 ,5.30 ,7.07 
Mon Feb  6 23:45:01  2017,38.58 ,4.07 ,5.53 
Tue Feb  7 00:00:02  2017,39.886 ,2.96 ,2.53 
Tue Feb  7 00:15:01  2017,61.687 ,5.65 ,7.37 
Tue Feb  7 00:30:01  2017,x,x,x
Tue Feb  7 00:45:01  2017,50.826 ,3.51 ,2.27 
Tue Feb  7 01:00:01  2017,39.796 ,3.10 ,2.77 
Tue Feb  7 01:15:01  2017,36.159 ,7.37 ,7.76 
Tue Feb  7 01:30:01  2017,40.453 ,2.76 ,2.35 
Tue Feb  7 01:45:01  2017,37.08 ,10.17 ,10.33 
Tue Feb  7 02:00:01  2017,43.202 ,15.43 ,7.83 
Tue Feb  7 02:15:01  2017,39.082 ,8.16 ,8.10 
Tue Feb  7 02:30:01  2017,34.647 ,8.89 ,7.05 
Tue Feb  7 02:45:01  2017,35.492 ,8.95 ,1.97 
Tue Feb  7 03:00:01  2017,x,x,x
Tue Feb  7 03:15:01  2017,34.475 ,7.95 ,15.15 
Tue Feb  7 03:30:01  2017,31.297 ,7.32 ,7.74 
Tue Feb  7 03:45:01  2017,35.422 ,16.83 ,11.81 
Tue Feb  7 04:00:01  2017,x,x,x
Tue Feb  7 04:15:01  2017,34.099 ,7.46 ,10.06 
Tue Feb  7 04:30:01  2017,x,x,x
Tue Feb  7 04:45:01  2017,x,x,x
Tue Feb  7 05:00:01  2017,37.269 ,8.82 ,2.45 
Tue Feb  7 05:15:01  2017,36.945 ,11.53 ,7.76 
Tue Feb  7 05:30:01  2017,x,x,x
Tue Feb  7 05:45:01  2017,x,x,x
Tue Feb  7 06:00:01  2017,x,x,x
Tue Feb  7 06:15:02  2017,51.063 ,11.70 ,14.52 
Tue Feb  7 06:30:01  2017,x,x,x
Tue Feb  7 06:45:01  2017,40.179 ,11.13 ,15.01 
Tue Feb  7 07:00:01  2017,x,x,x
Tue Feb  7 07:15:01  2017,47.264 ,5.85 ,13.81 
Tue Feb  7 07:30:01  2017,52.785 ,4.46 ,5.79 
Tue Feb  7 07:45:01  2017,x,x,x
Tue Feb  7 08:00:01  2017,x,x,x
Tue Feb  7 08:15:01  2017,57.796 ,4.14 ,6.28 
Tue Feb  7 08:30:01  2017,40.72 ,0.41 ,9.56 
Tue Feb  7 08:45:01  2017,x,x,x
Tue Feb  7 09:00:01  2017,x,x,x
Tue Feb  7 09:15:01  2017,45.826 ,3.62 ,4.48 
Tue Feb  7 09:30:01  2017,x,x,x
Tue Feb  7 09:45:01  2017,x,x,x
Tue Feb  7 10:00:01  2017,52.434 ,6.22 ,6.11 
Tue Feb  7 10:15:01  2017,x,x,x
Tue Feb  7 10:30:01  2017,x,x,x
Tue Feb  7 10:45:01  2017,52.965 ,5.57 ,12.97 
Tue Feb  7 11:00:01  2017,53.151 ,3.22 ,4.70 
Tue Feb  7 11:15:02  2017,x,x,x
Tue Feb  7 11:30:01  2017,48.395 ,1.05 ,7.04 
Tue Feb  7 11:45:01  2017,58.63 ,3.71 ,5.15 
Tue Feb  7 12:00:01  2017,47.238 ,2.16 ,6.71 
Tue Feb  7 12:15:01  2017,59.579 ,2.57 ,3.34 
Tue Feb  7 12:30:01  2017,x,x,x
Tue Feb  7 12:45:01  2017,x,x,x
Tue Feb  7 13:00:01  2017,x,x,x
Tue Feb  7 13:15:01  2017,52.617 ,2.07 ,8.57 
Tue Feb  7 13:30:01  2017,x,x,x
Tue Feb  7 13:45:01  2017,54.108 ,2.45 ,2.41 
Tue Feb  7 14:00:01  2017,39.673 ,4.13 ,2.97 
Tue Feb  7 14:15:01  2017,45.27 ,2.87 ,5.07 
Tue Feb  7 14:30:01  2017,59.966 ,4.45 ,7.00 
Tue Feb  7 14:45:01  2017,39.091 ,2.57 , 9.68 
Tue Feb  7 15:00:01  2017,39.069 ,1.29 ,9.72 
Tue Feb  7 15:15:01  2017,55.304 ,3.47 ,4.51 
Tue Feb  7 15:30:01  2017,46.839 ,1.16 ,6.51 
Tue Feb  7 15:45:01  2017,47.175 ,8.36 ,10.50 
Tue Feb  7 16:00:01  2017,53.81 ,1.11 ,7.00 
Tue Feb  7 16:15:01  2017,x,x,x
Tue Feb  7 16:30:01  2017,55.043 ,5.84 ,11.93 
Tue Feb  7 16:45:01  2017,39.275 ,1.34 ,7.31 
Tue Feb  7 17:00:01  2017,41.281 ,1.90 ,11.63 
Tue Feb  7 17:15:01  2017,44.489 ,2.74 , 9.34 
Tue Feb  7 17:30:01  2017,61.318 ,4.91 ,7.39 
Tue Feb  7 17:45:01  2017,57.696 ,4.25 ,6.74 
Tue Feb  7 18:00:01  2017,50.664 ,2.11 ,2.27 
Tue Feb  7 18:15:01  2017,38.962 ,4.53 ,2.55 
Tue Feb  7 18:30:01  2017,61.523 ,3.35 ,6.63 
Tue Feb  7 18:45:01  2017,40.913 ,4.67 ,2.10 
Tue Feb  7 19:00:01  2017,x,x,x
Tue Feb  7 19:15:01  2017,38.942 ,1.34 ,6.75 
Tue Feb  7 19:30:01  2017,46.708 ,10.20 ,5.35 
Tue Feb  7 19:45:01  2017,48.154 ,3.06 ,8.23 
Tue Feb  7 20:00:01  2017,38.427 ,5.66 ,3.82 
Tue Feb  7 20:15:01  2017,39.839 ,5.13 ,6.96 
Tue Feb  7 20:30:01  2017,x,x,x
Tue Feb  7 20:45:01  2017,51.081 ,1.60 ,3.45 
Tue Feb  7 21:00:01  2017,x,x,x
Tue Feb  7 21:15:01  2017,47.29 ,1.64 ,6.19 
Tue Feb  7 21:30:02  2017,x,x,x
Tue Feb  7 21:45:01  2017,58.765 ,1.54 ,4.29 
Tue Feb  7 22:00:01  2017, 44.83 ,1.36 ,7.05 
Tue Feb  7 22:15:01  2017,46.715 ,2.77 ,4.35 
Tue Feb  7 22:30:01  2017,x,x,x
Tue Feb  7 22:45:01  2017, 53.425 ,2.69 ,7.90 
Tue Feb  7 23:00:01  2017,x,x,x
Tue Feb  7 23:15:01  2017,56.262 ,3.52 ,1.19 
Tue Feb  7 23:30:01  2017,45.806 ,4.18 ,10.44 
Tue Feb  7 23:45:01  2017,46.832 ,3.87 , 5.77 
Wed Feb  8 00:00:01  2017,48.397 ,6.04 ,5.63 
Wed Feb  8 00:15:01  2017,x,x,x
Wed Feb  8 00:30:01  2017,52.025 ,9.94 ,7.05 
Wed Feb  8 00:45:01  2017,46.447 ,2.82 ,5.26 
Wed Feb  8 01:00:01  2017,45.075 ,10.44 ,14.63 
Wed Feb  8 01:15:02  2017,42.612 ,3.71 ,10.18 
Wed Feb  8 01:30:01  2017,46.525 ,3.74 ,11.27 
Wed Feb  8 01:45:01  2017,x,x,x
Wed Feb  8 02:00:01  2017,x,x,x
Wed Feb  8 02:15:01  2017,x,x,x
Wed Feb  8 02:30:01  2017,36.942 ,1.10 ,20.31 
Wed Feb  8 02:45:01  2017, 35.822 ,2.91 ,10.76 
Wed Feb  8 03:00:01  2017,38.602 ,12.05 ,16.35 
Wed Feb  8 03:15:01  2017,32.986 ,3.81 ,12.31 
Wed Feb  8 03:30:01  2017,81.073 ,7.19 ,18.14 
Wed Feb  8 03:45:01  2017,37.14 ,4.45 ,9.02 
Wed Feb  8 04:00:01  2017,x,x,x
Wed Feb  8 04:15:01  2017,37.789 ,11.97 ,3.47 
Wed Feb  8 04:30:01  2017,x,x,x
Wed Feb  8 04:45:01  2017,36.132 ,14.20 ,13.73 
Wed Feb  8 05:00:01  2017,x,x,x
Wed Feb  8 05:15:01  2017,36.374 ,9.39 ,8.87 
Wed Feb  8 05:30:01  2017,36.376 ,13.59 ,15.63 
Wed Feb  8 05:45:01  2017,31.995 ,7.25 ,8.36 
Wed Feb  8 06:00:01  2017,32.139 ,3.83 ,4.29 
Wed Feb  8 06:15:01  2017,x,x,x
Wed Feb  8 06:30:01  2017,x,x,x
Wed Feb  8 06:45:01  2017,46.283 ,14.76 ,10.18 
Wed Feb  8 07:00:01  2017,x,x,x
Wed Feb  8 07:15:01  2017,40.461 ,6.81 ,9.03 
Wed Feb  8 07:30:01  2017,x,x,x
Wed Feb  8 07:45:01  2017,x,x,x
Wed Feb  8 08:00:01  2017,49.753 ,1.44 ,4.39 
Wed Feb  8 08:15:01  2017,59.614 ,4.49 , 12.43 
Wed Feb  8 08:30:01  2017,59.295 ,5.62 ,9.45 
Wed Feb  8 08:45:01  2017,46.514 ,2.49 ,10.09 
Wed Feb  8 09:00:01  2017,48.153 ,4.08 ,4.14 
Wed Feb  8 09:15:01  2017,47.762 ,7.12 ,4.65 
Wed Feb  8 09:30:01  2017,56.747 ,4.78, 0.00 
Wed Feb  8 09:45:01  2017,x,x,x
Wed Feb  8 10:00:01  2017,x,x,x
Wed Feb  8 10:15:01  2017,x,x,x
Wed Feb  8 10:30:01  2017,x,x,x
Wed Feb  8 10:45:01  2017,x,x,x
Wed Feb  8 11:00:01  2017,x,x,x
Wed Feb  8 11:15:01  2017,x,x,x
Wed Feb  8 11:30:01  2017,x,x,x
Wed Feb  8 11:45:01  2017,x,x,x
Wed Feb  8 12:00:01  2017,x,x,x
Wed Feb  8 12:15:01  2017,x,x,x
Wed Feb  8 12:30:01  2017,x,x,x
Wed Feb  8 12:45:01  2017,x,x,x
Wed Feb  8 13:00:01  2017,x,x,x
Wed Feb  8 13:15:01  2017,x,x,x
Wed Feb  8 13:30:01  2017,x,x,x
Wed Feb  8 13:45:01  2017,x,x,x
Wed Feb  8 14:00:01  2017,x,x,x
Wed Feb  8 14:15:01  2017,x,x,x
Wed Feb  8 14:30:01  2017,x,x,x
Wed Feb  8 14:45:01  2017,x,x,x
Wed Feb  8 15:00:01  2017,x,x,x
Wed Feb  8 15:15:01  2017,x,x,x
Wed Feb  8 15:30:01  2017,x,x,x
Wed Feb  8 15:45:01  2017,x,x,x
Wed Feb  8 16:00:01  2017,x,x,x
Wed Feb  8 16:15:01  2017,x,x,x
Wed Feb  8 16:30:01  2017,x,x,x
Wed Feb  8 16:45:01  2017,x,x,x
Wed Feb  8 17:00:01  2017,x,x,x
Wed Feb  8 17:15:01  2017,x,x,x
Wed Feb  8 17:30:01  2017,x,x,x
Wed Feb  8 17:45:01  2017,x,x,x
Wed Feb  8 18:00:01  2017,x,x,x
Wed Feb  8 18:15:01  2017,x,x,x
Wed Feb  8 18:30:01  2017,x,x,x
Wed Feb  8 18:45:01  2017,x,x,x
Wed Feb  8 19:00:01  2017,x,x,x
Wed Feb  8 19:15:01  2017,x,x,x
Wed Feb  8 19:30:01  2017,x,x,x
Wed Feb  8 19:45:01  2017,x,x,x
Wed Feb  8 20:00:01  2017,x,x,x
Wed Feb  8 20:15:01  2017,x,x,x
Wed Feb  8 20:30:01  2017,x,x,x
Wed Feb  8 20:45:01  2017,x,x,x
Wed Feb  8 21:00:01  2017,x,x,x
Wed Feb  8 21:15:01  2017,x,x,x
Wed Feb  8 21:30:01  2017,x,x,x
Wed Feb  8 21:45:01  2017,x,x,x
Wed Feb  8 22:00:01  2017,x,x,x
Wed Feb  8 22:15:01  2017,x,x,x
Wed Feb  8 22:30:01  2017,x,x,x
Wed Feb  8 22:45:01  2017,x,x,x
Wed Feb  8 23:00:01  2017,x,x,x
Wed Feb  8 23:15:01  2017,x,x,x
Wed Feb  8 23:30:01  2017,x,x,x
Wed Feb  8 23:45:01  2017,x,x,x
Thu Feb  9 00:00:01  2017,x,x,x
Thu Feb  9 00:15:01  2017,x,x,x
Thu Feb  9 00:30:01  2017,x,x,x
Thu Feb  9 00:45:01  2017,x,x,x
Thu Feb  9 01:00:01  2017,x,x,x
Thu Feb  9 01:15:01  2017,x,x,x
Thu Feb  9 01:30:01  2017,x,x,x
Thu Feb  9 01:45:01  2017,x,x,x
Thu Feb  9 02:00:01  2017,x,x,x
Thu Feb  9 02:15:01  2017,x,x,x
Thu Feb  9 02:30:01  2017,x,x,x
Thu Feb  9 02:45:01  2017,34.619 ,6.42 ,1.39 
Thu Feb  9 03:00:01  2017,x,x,x
Thu Feb  9 03:15:01  2017,34.868 ,2.51 ,3.37 
Thu Feb  9 03:30:01  2017,32.733 ,1.04 ,4.25 
Thu Feb  9 03:45:01  2017,35.173 ,2.52 ,1.78 
Thu Feb  9 04:00:01  2017,36.75 ,12.67 ,4.01 
Thu Feb  9 04:15:01  2017,x,x,x
Thu Feb  9 04:30:01  2017,x,x,x
Thu Feb  9 04:45:01  2017,x,x,x
Thu Feb  9 05:00:01  2017,x,x,x
Thu Feb  9 05:15:01  2017,32.055 ,4.71 ,3.14 
Thu Feb  9 05:30:01  2017,x,x,x
Thu Feb  9 05:45:01  2017,32.776 ,7.32 ,2.10 
Thu Feb  9 06:00:01  2017,x,x,x
Thu Feb  9 06:15:01  2017,x,x,x
Thu Feb  9 06:30:01  2017,35.143 ,9.94 ,4.26 
Thu Feb  9 06:45:01  2017,x,x,x
Thu Feb  9 07:00:01  2017,39.97 ,6.47 ,1.92 
Thu Feb  9 07:15:01  2017,34.102 ,9.39 ,2.08
Thu Feb  9 07:30:01  2017,x,x,x
Thu Feb  9 07:45:01  2017,x,x,x
Thu Feb  9 08:00:01  2017,x,x,x
Thu Feb  9 08:15:01  2017,x,x,x
Thu Feb  9 08:30:01  2017,x,x,x
Thu Feb  9 08:45:01  2017,x,x,x
Thu Feb  9 09:00:01  2017,x,x,x
Thu Feb  9 09:15:01  2017,x,x,x
Thu Feb  9 09:30:01  2017,x,x,x
Thu Feb  9 09:45:01  2017,x,x,x
Thu Feb  9 10:00:01  2017,x,x,x
Thu Feb  9 10:15:01  2017,x,x,x
Thu Feb  9 10:30:01  2017,x,x,x
Thu Feb  9 10:45:01  2017,x,x,x
Thu Feb  9 11:00:01  2017,x,x,x
Thu Feb  9 11:15:01  2017,x,x,x
Thu Feb  9 11:30:01  2017,x,x,x
Thu Feb  9 11:45:01  2017,x,x,x
Thu Feb  9 12:00:01  2017,x,x,x
Thu Feb  9 12:15:01  2017,x,x,x
Thu Feb  9 12:30:01  2017,x,x,x
Thu Feb  9 12:45:01  2017,x,x,x
Thu Feb  9 13:00:01  2017,x,x,x
Thu Feb  9 13:15:01  2017,x,x,x
Thu Feb  9 13:30:01  2017,x,x,x
Thu Feb  9 13:45:01  2017,x,x,x
Thu Feb  9 14:00:01  2017,x,x,x
Thu Feb  9 14:15:01  2017,x,x,x
Thu Feb  9 14:30:01  2017,x,x,x
Thu Feb  9 14:45:01  2017,x,x,x
Thu Feb  9 15:00:01  2017,x,x,x
Thu Feb  9 15:15:01  2017,x,x,x
Thu Feb  9 15:30:01  2017,x,x,x
Thu Feb  9 15:45:01  2017,x,x,x
Thu Feb  9 16:00:01  2017,x,x,x
Thu Feb  9 16:15:01  2017,x,x,x
Thu Feb  9 16:30:01  2017,x,x,x
Thu Feb  9 16:45:01  2017,x,x,x
Thu Feb  9 17:00:01  2017,x,x,x
Thu Feb  9 17:15:02  2017,x,x,x
Thu Feb  9 17:30:01  2017,x,x,x
Thu Feb  9 17:45:01  2017,x,x,x
Thu Feb  9 18:00:01  2017,x,x,x
Thu Feb  9 18:15:01  2017,x,x,x
Thu Feb  9 18:30:01  2017,x,x,x
Thu Feb  9 18:45:01  2017,x,x,x
Thu Feb  9 19:00:01  2017,x,x,x
Thu Feb  9 19:15:01  2017,x,x,x
Thu Feb  9 19:30:01  2017,x,x,x
Thu Feb  9 19:45:01  2017,x,x,x
Thu Feb  9 20:00:01  2017,x,x,x
Thu Feb  9 20:15:01  2017,x,x,x
Thu Feb  9 20:30:01  2017,x,x,x
Thu Feb  9 20:45:01  2017,x,x,x
Thu Feb  9 21:00:01  2017,x,x,x
Thu Feb  9 21:15:01  2017,x,x,x
Thu Feb  9 21:30:01  2017,x,x,x
Thu Feb  9 21:45:01  2017,x,x,x
Thu Feb  9 22:00:01  2017,x,x,x
Thu Feb  9 22:15:01  2017,x,x,x
Thu Feb  9 22:30:01  2017,x,x,x
Thu Feb  9 22:45:01  2017,x,x,x
Thu Feb  9 23:00:01  2017,x,x,x
Thu Feb  9 23:15:01  2017,x,x,x
Thu Feb  9 23:30:01  2017,x,x,x
Thu Feb  9 23:45:01  2017,x,x,x
Fri Feb 10 00:00:01  2017,x,x,x
Fri Feb 10 00:15:01  2017,x,x,x
Fri Feb 10 00:30:01  2017,x,x,x
Fri Feb 10 00:45:01  2017,x,x,x
Fri Feb 10 01:00:01  2017,x,x,x
Fri Feb 10 01:15:01  2017,x,x,x
Fri Feb 10 01:30:01  2017,x,x,x
Fri Feb 10 01:45:01  2017,x,x,x
Fri Feb 10 02:00:01  2017,x,x,x
Fri Feb 10 02:15:01  2017,x,x,x
Fri Feb 10 02:30:02  2017,x,x,x
Fri Feb 10 02:45:01  2017,x,x,x
Fri Feb 10 03:00:01  2017,x,x,x
Fri Feb 10 03:15:01  2017,x,x,x
Fri Feb 10 03:30:01  2017,x,x,x
Fri Feb 10 03:45:01  2017,x,x,x
Fri Feb 10 04:00:01  2017,x,x,x
Fri Feb 10 04:15:02  2017,x,x,x
Fri Feb 10 04:30:01  2017,x,x,x
Fri Feb 10 04:45:01  2017,36.855 ,5.89 ,13.05 
Fri Feb 10 05:00:01  2017,x,x,x
Fri Feb 10 05:15:01  2017,x,x,x
Fri Feb 10 05:30:01  2017,x,x,x
Fri Feb 10 05:45:01  2017,x,x,x
Fri Feb 10 06:00:01  2017,x,x,x
Fri Feb 10 06:15:02  2017,x,x,x
Fri Feb 10 06:30:01  2017,x,x,x
Fri Feb 10 06:45:01  2017,x,x,x
Fri Feb 10 07:00:02  2017,x,x,x
Fri Feb 10 07:15:01  2017,x,x,x
Fri Feb 10 07:30:01  2017,x,x,x
Fri Feb 10 07:45:01  2017,43.978 ,3.05 ,4.47
Fri Feb 10 08:00:01  2017,x,x,x
Fri Feb 10 08:15:01  2017,x,x,x
Fri Feb 10 08:30:01  2017,x,x,x
Fri Feb 10 08:45:01  2017,x,x,x
Fri Feb 10 09:00:01  2017,x,x,x
Fri Feb 10 09:15:01  2017,x,x,x
Fri Feb 10 09:30:01  2017,x,x,x
Fri Feb 10 09:45:01  2017,x,x,x
Fri Feb 10 10:00:01  2017,x,x,x
Fri Feb 10 10:15:01  2017,x,x,x
Fri Feb 10 10:30:01  2017,x,x,x
Fri Feb 10 10:45:01  2017,x,x,x
Fri Feb 10 11:00:01  2017,x,x,x
Fri Feb 10 11:15:01  2017,x,x,x
Fri Feb 10 11:30:01  2017,x,x,x
Fri Feb 10 11:45:01  2017,x,x,x
Fri Feb 10 12:00:01  2017,x,x,x
Fri Feb 10 12:15:01  2017,x,x,x
Fri Feb 10 12:30:01  2017,x,x,x
Fri Feb 10 12:45:01  2017,x,x,x
Fri Feb 10 13:00:01  2017,x,x,x
Fri Feb 10 13:15:01  2017,x,x,x
Fri Feb 10 13:30:01  2017,x,x,x
Fri Feb 10 13:45:01  2017,x,x,x
Fri Feb 10 14:00:01  2017,x,x,x
Fri Feb 10 14:15:01  2017,x,x,x
Fri Feb 10 14:30:01  2017,x,x,x
Fri Feb 10 14:45:01  2017,x,x,x
Fri Feb 10 15:00:01  2017,x,x,x
Fri Feb 10 15:15:01  2017,x,x,x
Fri Feb 10 15:30:01  2017,x,x,x
Fri Feb 10 15:45:01  2017,x,x,x
Fri Feb 10 16:00:01  2017,x,x,x
Fri Feb 10 16:15:01  2017,x,x,x
Fri Feb 10 16:30:01  2017,x,x,x
Fri Feb 10 16:45:01  2017,x,x,x
Fri Feb 10 17:00:01  2017,x,x,x
Fri Feb 10 17:15:01  2017,x,x,x
Fri Feb 10 17:30:01  2017,x,x,x
Fri Feb 10 17:45:01  2017,x,x,x
Fri Feb 10 18:00:01  2017,x,x,x
Fri Feb 10 18:15:01  2017,x,x,x
Fri Feb 10 18:30:01  2017,x,x,x
Fri Feb 10 18:45:01  2017,x,x,x
Fri Feb 10 19:00:01  2017,x,x,x
Fri Feb 10 19:15:01  2017,x,x,x
Fri Feb 10 19:30:01  2017,x,x,x
Fri Feb 10 19:45:01  2017,x,x,x
Fri Feb 10 20:00:02  2017,x,x,x
Fri Feb 10 20:15:01  2017,x,x,x
Fri Feb 10 20:30:01  2017,x,x,x
Fri Feb 10 20:45:01  2017,x,x,x
Fri Feb 10 21:00:01  2017,x,x,x
Fri Feb 10 21:15:01  2017,x,x,x
Fri Feb 10 21:30:01  2017,x,x,x
Fri Feb 10 21:45:01  2017,x,x,x
Fri Feb 10 22:00:02  2017,x,x,x
Fri Feb 10 22:15:01  2017,x,x,x
Fri Feb 10 22:30:01  2017,x,x,x
Fri Feb 10 22:45:01  2017,x,x,x
Fri Feb 10 23:00:01  2017,x,x,x
Fri Feb 10 23:15:01  2017,x,x,x
Fri Feb 10 23:30:01  2017,x,x,x
Fri Feb 10 23:45:01  2017,x,x,x
Sat Feb 11 00:00:02  2017,x,x,x
Sat Feb 11 00:15:01  2017,x,x,x
Sat Feb 11 00:30:01  2017,x,x,x
Sat Feb 11 00:45:01  2017,x,x,x
Sat Feb 11 01:00:01  2017,x,x,x
Sat Feb 11 01:15:01  2017,x,x,x
Sat Feb 11 01:30:01  2017,x,x,x
Sat Feb 11 01:45:01  2017,x,x,x
Sat Feb 11 02:00:01  2017,x,x,x
Sat Feb 11 02:15:02  2017,37.888 ,0.91 ,3.44
Sat Feb 11 02:30:02  2017,x,x,x
Sat Feb 11 02:45:01  2017,x,x,x
Sat Feb 11 03:00:01  2017,x,x,x
Sat Feb 11 03:15:01  2017,x,x,x
Sat Feb 11 03:30:02  2017,x,x,x
Sat Feb 11 03:45:01  2017,x,x,x
Sat Feb 11 04:00:01  2017,x,x,x
Sat Feb 11 04:15:01  2017,x,x,x
Sat Feb 11 04:30:02  2017,x,x,x
Sat Feb 11 04:45:01  2017,x,x,x
Sat Feb 11 05:00:02  2017,x,x,x
Sat Feb 11 05:15:02  2017,x,x,x
Sat Feb 11 05:30:02  2017,x,x,x
Sat Feb 11 05:45:01  2017,x,x,x
Sat Feb 11 06:00:01  2017,x,x,x
Sat Feb 11 06:15:01  2017,x,x,x
Sat Feb 11 06:30:02  2017,x,x,x
Sat Feb 11 06:45:02  2017,x,x,x
Sat Feb 11 07:00:01  2017,x,x,x
Sat Feb 11 07:15:02  2017,x,x,x
Sat Feb 11 07:30:02  2017,x,x,x
Sat Feb 11 07:45:04  2017,x,x,x
Sat Feb 11 08:00:01  2017,x,x,x
Sat Feb 11 08:15:01  2017,x,x,x
Sat Feb 11 08:30:01  2017,x,x,x
Sat Feb 11 08:45:02  2017,x,x,x
Sat Feb 11 09:00:01  2017,x,x,x
Sat Feb 11 09:15:01  2017,x,x,x
Sat Feb 11 09:30:01  2017,x,x,x
Sat Feb 11 09:45:01  2017,x,x,x
Sat Feb 11 10:00:01  2017,x,x,x
Sat Feb 11 10:15:01  2017,x,x,x
Sat Feb 11 10:30:01  2017,x,x,x
Sat Feb 11 10:45:01  2017,x,x,x
Sat Feb 11 11:00:01  2017,x,x,x
Sat Feb 11 11:15:01  2017,x,x,x
Sat Feb 11 11:30:02  2017,x,x,x
Sat Feb 11 11:45:01  2017,x,x,x
Sat Feb 11 12:00:01  2017,x,x,x
Sat Feb 11 12:15:01  2017,x,x,x
Sat Feb 11 12:30:01  2017,x,x,x
Sat Feb 11 12:45:01  2017,x,x,x
Sat Feb 11 13:00:04  2017,x,x,x
Sat Feb 11 13:15:05  2017,x,x,x
Sat Feb 11 13:30:02  2017,x,x,x
Sat Feb 11 13:45:02  2017,x,x,x
Sat Feb 11 14:00:01  2017,x,x,x
Sat Feb 11 14:15:02  2017,x,x,x
Sat Feb 11 14:30:01  2017,x,x,x
Sat Feb 11 14:45:01  2017,x,x,x
Sat Feb 11 15:00:01  2017,x,x,x
Sat Feb 11 15:15:04  2017,x,x,x
Sat Feb 11 15:30:02  2017,x,x,x
Sat Feb 11 15:45:01  2017,x,x,x
Sat Feb 11 16:00:02  2017,x,x,x
Sat Feb 11 16:15:01  2017,x,x,x
Sat Feb 11 16:30:01  2017,x,x,x
Sat Feb 11 16:45:01  2017,x,x,x
Sat Feb 11 17:00:03  2017,x,x,x
Sat Feb 11 17:15:01  2017,x,x,x
Sat Feb 11 17:30:05  2017,x,x,x
Sat Feb 11 17:45:01  2017,x,x,x
Sat Feb 11 18:00:01  2017,x,x,x
Sat Feb 11 18:15:03  2017,x,x,x
Sat Feb 11 18:30:04  2017,x,x,x
Sat Feb 11 18:45:02  2017,x,x,x
Sat Feb 11 19:00:01  2017,x,x,x
Sat Feb 11 19:15:01  2017,x,x,x
Sat Feb 11 19:30:04  2017,x,x,x
Sat Feb 11 19:45:01  2017,x,x,x
Sat Feb 11 20:00:02  2017,x,x,x
Sat Feb 11 20:15:01  2017,x,x,x
Sat Feb 11 20:30:04  2017,x,x,x
Sat Feb 11 20:45:03  2017,x,x,x
Sat Feb 11 21:00:01  2017,x,x,x
Sat Feb 11 21:15:02  2017,x,x,x
Sat Feb 11 21:30:02  2017,x,x,x
Sat Feb 11 21:45:01  2017,x,x,x
Sat Feb 11 22:00:02  2017,x,x,x
Sat Feb 11 22:15:04  2017,x,x,x
Sat Feb 11 22:30:01  2017,x,x,x
Sat Feb 11 22:45:01  2017,x,x,x
Sat Feb 11 23:00:01  2017,x,x,x
Sat Feb 11 23:15:44  2017,x,x,x
Sat Feb 11 23:30:05  2017,x,x,x
Sat Feb 11 23:45:01  2017,x,x,x
Sun Feb 12 00:00:02  2017,x,x,x
Sun Feb 12 00:15:01  2017,x,x,x
Sun Feb 12 00:30:01  2017,x,x,x
Sun Feb 12 00:45:08  2017,x,x,x
Sun Feb 12 01:00:01  2017,x,x,x
Sun Feb 12 01:15:03  2017,x,x,x
Sun Feb 12 01:30:01  2017,x,x,x
Sun Feb 12 01:45:04  2017,x,x,x
Sun Feb 12 02:00:02  2017,x,x,x
Sun Feb 12 02:15:01  2017,x,x,x
Sun Feb 12 02:30:01  2017,x,x,x
Sun Feb 12 02:45:02  2017,x,x,x
Sun Feb 12 03:00:09  2017,x,x,x
Sun Feb 12 03:15:01  2017,x,x,x
Sun Feb 12 03:30:22  2017,x,x,x
Sun Feb 12 03:45:01  2017,x,x,x
Sun Feb 12 04:00:02  2017,x,x,x
Sun Feb 12 04:15:01  2017,x,x,x
Sun Feb 12 04:30:02  2017,x,x,x
Sun Feb 12 04:45:01  2017,x,x,x
Sun Feb 12 05:00:02  2017,x,x,x
Sun Feb 12 05:15:02  2017,x,x,x
Sun Feb 12 05:30:06  2017,x,x,x
Sun Feb 12 05:45:01  2017,x,x,x
Sun Feb 12 06:00:06  2017,x,x,x
Sun Feb 12 06:15:07  2017,x,x,x
Sun Feb 12 06:30:05  2017,x,x,x
Sun Feb 12 06:45:06  2017,x,x,x
Sun Feb 12 07:00:15  2017,x,x,x
Sun Feb 12 07:15:05  2017,x,x,x
Sun Feb 12 07:30:06  2017,x,x,x
Sun Feb 12 07:45:01  2017,x,x,x
Sun Feb 12 08:00:02  2017,x,x,x
Sun Feb 12 08:15:01  2017,x,x,x
Sun Feb 12 08:30:01  2017,x,x,x
Sun Feb 12 08:45:02  2017,x,x,x
Sun Feb 12 09:00:02  2017,x,x,x
Sun Feb 12 09:15:02  2017,x,x,x
Sun Feb 12 09:30:01  2017,x,x,x
Sun Feb 12 09:45:13  2017,x,x,x
Sun Feb 12 10:00:13  2017,x,x,x
Sun Feb 12 10:15:02  2017,x,x,x
Sun Feb 12 10:30:08  2017,x,x,x
Sun Feb 12 10:45:03  2017,x,x,x
Sun Feb 12 11:00:07  2017,x,x,x
Sun Feb 12 11:15:07  2017,x,x,x
Sun Feb 12 11:30:02  2017,x,x,x
Sun Feb 12 11:45:17  2017,x,x,x
Sun Feb 12 12:00:10  2017,x,x,x
Sun Feb 12 12:15:06  2017,x,x,x
Sun Feb 12 12:30:02  2017,x,x,x
Sun Feb 12 12:45:01  2017,x,x,x
Sun Feb 12 13:00:02  2017,x,x,x
Sun Feb 12 13:15:10  2017,x,x,x
Sun Feb 12 13:30:11  2017,x,x,x
Sun Feb 12 13:45:10  2017,x,x,x
Sun Feb 12 14:00:05  2017,x,x,x
Sun Feb 12 14:15:01  2017,x,x,x
Sun Feb 12 14:30:07  2017,x,x,x
Sun Feb 12 14:45:12  2017,x,x,x
Sun Feb 12 15:00:11  2017,x,x,x
Sun Feb 12 15:15:07  2017,x,x,x
Sun Feb 12 15:30:14  2017,x,x,x
Sun Feb 12 15:45:14  2017,x,x,x
Sun Feb 12 16:00:06  2017,x,x,x
Sun Feb 12 16:15:08  2017,x,x,x
Sun Feb 12 16:30:12  2017,x,x,x
Sun Feb 12 16:45:02  2017,x,x,x
Sun Feb 12 17:00:14  2017,x,x,x
Sun Feb 12 17:15:04  2017,x,x,x
Sun Feb 12 17:30:04  2017,x,x,x
Sun Feb 12 17:45:06  2017,x,x,x
Sun Feb 12 18:00:07  2017,x,x,x
Sun Feb 12 18:15:08  2017,x,x,x
Sun Feb 12 18:30:12  2017,x,x,x
Sun Feb 12 18:45:14  2017,x,x,x
Sun Feb 12 19:00:12  2017,x,x,x
Sun Feb 12 19:15:06  2017,x,x,x
Sun Feb 12 19:30:19  2017,x,x,x
Sun Feb 12 19:45:09  2017,x,x,x
Sun Feb 12 20:00:15  2017,x,x,x
Sun Feb 12 20:15:23  2017,x,x,x
Sun Feb 12 20:30:17  2017,x,x,x
Sun Feb 12 20:45:06  2017,x,x,x
Sun Feb 12 21:00:14  2017,x,x,x
Sun Feb 12 21:15:32  2017,x,x,x
Sun Feb 12 21:30:13  2017,x,x,x
Sun Feb 12 21:45:11  2017,x,x,x
Sun Feb 12 22:00:10  2017,x,x,x
Sun Feb 12 22:15:07  2017,x,x,x
Sun Feb 12 22:30:05  2017,x,x,x
Sun Feb 12 22:45:18  2017,x,x,x
Sun Feb 12 23:00:18  2017,x,x,x
Sun Feb 12 23:15:17  2017,x,x,x
Sun Feb 12 23:30:13  2017,x,x,x
Sun Feb 12 23:45:18  2017,x,x,x
Mon Feb 13 00:00:07  2017,x,x,x
Mon Feb 13 00:15:14  2017,x,x,x
Mon Feb 13 00:30:18  2017,x,x,x
Mon Feb 13 00:45:08  2017,x,x,x
Mon Feb 13 01:00:14  2017,x,x,x
Mon Feb 13 01:15:06  2017,x,x,x
Mon Feb 13 01:30:03  2017,x,x,x
Mon Feb 13 01:45:13  2017,x,x,x
Mon Feb 13 02:00:10  2017,x,x,x
Mon Feb 13 02:15:05  2017,x,x,x
Mon Feb 13 02:30:04  2017,x,x,x
Mon Feb 13 02:45:08  2017,x,x,x
Mon Feb 13 03:00:05  2017,x,x,x
Mon Feb 13 03:15:09  2017,x,x,x
Mon Feb 13 03:30:16  2017,x,x,x
Mon Feb 13 03:45:07  2017,x,x,x
Mon Feb 13 04:00:15  2017,x,x,x
Mon Feb 13 04:15:24  2017,x,x,x
Mon Feb 13 04:30:12  2017,x,x,x
Mon Feb 13 04:45:11  2017,x,x,x
Mon Feb 13 05:00:38  2017,37.814 ,0.00 ,0.00 
Mon Feb 13 05:15:04  2017,36.264 ,8.45 ,0.00 
Mon Feb 13 05:30:17  2017,x,x,x
Mon Feb 13 05:45:19  2017,33.161 ,7.23 ,12.44 
Mon Feb 13 06:00:13  2017,x,x,x
Mon Feb 13 06:15:02  2017,39.532 ,8.78, 13.02
Mon Feb 13 06:30:09  2017,x,x,x
Mon Feb 13 06:45:19  2017,x,x,x
Mon Feb 13 07:00:24  2017,x,x,x
Mon Feb 13 07:15:11  2017,x,x,x
Mon Feb 13 07:30:08  2017,52.058, 10.56 ,6.90 
Mon Feb 13 07:45:13  2017,47.985 ,2.88 ,0.00
Mon Feb 13 08:00:28  2017,x,x,x
Mon Feb 13 08:15:26  2017,x,x,x
Mon Feb 13 08:30:09  2017,x,x,x
Mon Feb 13 08:45:12  2017,x,x,x
Mon Feb 13 09:00:03  2017,x,x,x
Mon Feb 13 09:15:07  2017,x,x,x
Mon Feb 13 09:30:05  2017,x,x,x
Mon Feb 13 09:45:04  2017,x,x,x
Mon Feb 13 10:00:13  2017,x,x,x
Mon Feb 13 10:15:05  2017,x,x,x
Mon Feb 13 10:30:17  2017,x,x,x
Mon Feb 13 10:45:12  2017,x,x,x
Mon Feb 13 11:00:12  2017,x,x,x
Mon Feb 13 11:15:01  2017,x,x,x
Mon Feb 13 11:30:10  2017,x,x,x
Mon Feb 13 11:45:11  2017,x,x,x
Mon Feb 13 12:00:14  2017,x,x,x
Mon Feb 13 12:15:10  2017,x,x,x
Mon Feb 13 12:30:11  2017,x,x,x
Mon Feb 13 12:45:05  2017,x,x,x
Mon Feb 13 13:00:04  2017,x,x,x
Mon Feb 13 13:15:05  2017,x,x,x
Mon Feb 13 13:30:05  2017,x,x,x
Mon Feb 13 13:45:17  2017,x,x,x
Mon Feb 13 14:00:10  2017,x,x,x
Mon Feb 13 14:15:22  2017,x,x,x
Mon Feb 13 14:30:26  2017,x,x,x
Mon Feb 13 14:45:08  2017,x,x,x
Mon Feb 13 15:00:06  2017,x,x,x
Mon Feb 13 15:15:02  2017,x,x,x
Mon Feb 13 15:30:22  2017,x,x,x
Mon Feb 13 15:45:27  2017,x,x,x
Mon Feb 13 16:00:16  2017,x,x,x
Mon Feb 13 16:15:04  2017,x,x,x
Mon Feb 13 16:30:10  2017,x,x,x
Mon Feb 13 16:45:14  2017,x,x,x
Mon Feb 13 17:00:18  2017,x,x,x
Mon Feb 13 17:15:02  2017,x,x,x
Mon Feb 13 17:30:20  2017,x,x,x
Mon Feb 13 17:45:07  2017,x,x,x
Mon Feb 13 18:00:26  2017,x,x,x
Mon Feb 13 18:15:17  2017,x,x,x
Mon Feb 13 18:30:12  2017,x,x,x
Mon Feb 13 18:45:10  2017,x,x,x
Mon Feb 13 19:00:07  2017,x,x,x
Mon Feb 13 19:15:11  2017,x,x,x
Mon Feb 13 19:30:11  2017,x,x,x
Mon Feb 13 19:45:08  2017,x,x,x
Mon Feb 13 20:00:14  2017,x,x,x
Mon Feb 13 20:15:15  2017,x,x,x
Mon Feb 13 20:30:02  2017,x,x,x
Mon Feb 13 20:45:12  2017,x,x,x
Mon Feb 13 21:00:07  2017,x,x,x
Mon Feb 13 21:15:17  2017,x,x,x
Mon Feb 13 21:30:06  2017,x,x,x
Mon Feb 13 21:45:04  2017,x,x,x
Mon Feb 13 22:00:18  2017,x,x,x
Mon Feb 13 22:15:08  2017,x,x,x
Mon Feb 13 22:30:03  2017,x,x,x
Mon Feb 13 22:45:03  2017,x,x,x
Mon Feb 13 23:00:13  2017,x,x,x
Mon Feb 13 23:15:02  2017,x,x,x
Mon Feb 13 23:30:04  2017,x,x,x
Mon Feb 13 23:45:03  2017,x,x,x
Tue Feb 14 00:00:22  2017,x,x,x
Tue Feb 14 00:15:38  2017,x,x,x
Tue Feb 14 00:30:12  2017,x,x,x
Tue Feb 14 00:45:14  2017,x,x,x
Tue Feb 14 01:00:05  2017,x,x,x
Tue Feb 14 01:15:06  2017,x,x,x
Tue Feb 14 01:30:11  2017,x,x,x
Tue Feb 14 01:45:06  2017,x,x,x
Tue Feb 14 02:00:15  2017,x,x,x
Tue Feb 14 02:15:13  2017,x,x,x
Tue Feb 14 02:30:17  2017,x,x,x
Tue Feb 14 02:45:10  2017,x,x,x
Tue Feb 14 03:00:10  2017,x,x,x
Tue Feb 14 03:15:14  2017,x,x,x
Tue Feb 14 03:30:35  2017,x,x,x
Tue Feb 14 03:45:20  2017,x,x,x
Tue Feb 14 04:00:26  2017,x,x,x
Tue Feb 14 04:15:03  2017,x,x,x
Tue Feb 14 04:30:18  2017,x,x,x
Tue Feb 14 04:45:12  2017,x,x,x
Tue Feb 14 05:00:19  2017,x,x,x
Tue Feb 14 05:15:04  2017,x,x,x
Tue Feb 14 05:30:22  2017,x,x,x
Tue Feb 14 05:45:03  2017,x,x,x
Tue Feb 14 06:00:11  2017,x,x,x
Tue Feb 14 06:15:14  2017,x,x,x
Tue Feb 14 06:30:10  2017,x,x,x
Tue Feb 14 06:45:13  2017,x,x,x
Tue Feb 14 07:00:09  2017,x,x,x
Tue Feb 14 07:15:10  2017,x,x,x
Tue Feb 14 07:30:05  2017,x,x,x
Tue Feb 14 07:45:29  2017,x,x,x
Tue Feb 14 08:00:49  2017,x,x,x
Tue Feb 14 08:15:58  2017,x,x,x
Tue Feb 14 08:33:23  2017,x,x,x
Tue Feb 14 08:57:01  2017,x,x,x
Tue Feb 14 09:12:34  2017,x,x,x
Tue Feb 14 09:21:05  2017,x,x,x
Tue Feb 14 09:30:08  2017,x,x,x
Tue Feb 14 09:45:06  2017,x,x,x
Tue Feb 14 10:00:14  2017,x,x,x
Tue Feb 14 10:15:12  2017,x,x,x
Tue Feb 14 10:30:09  2017,x,x,x
Tue Feb 14 10:45:18  2017,x,x,x
Tue Feb 14 11:00:20  2017,x,x,x
Tue Feb 14 11:15:06  2017,x,x,x
Tue Feb 14 11:30:03  2017,x,x,x
Tue Feb 14 11:45:06  2017,x,x,x
Tue Feb 14 12:00:06  2017,x,x,x
Tue Feb 14 12:15:24  2017,x,x,x
Tue Feb 14 12:30:15  2017,x,x,x
Tue Feb 14 12:45:13  2017,x,x,x
Tue Feb 14 13:00:04  2017,x,x,x
Tue Feb 14 13:15:03  2017,x,x,x
Tue Feb 14 13:30:07  2017,x,x,x
Tue Feb 14 13:45:03  2017,x,x,x
Tue Feb 14 14:00:25  2017,x,x,x
Tue Feb 14 14:15:09  2017,x,x,x
Tue Feb 14 14:30:08  2017,x,x,x
Tue Feb 14 14:45:16  2017,x,x,x
Tue Feb 14 15:00:13  2017,x,x,x
Tue Feb 14 15:15:08  2017,x,x,x
Tue Feb 14 15:30:04  2017,x,x,x
Tue Feb 14 15:45:10  2017,x,x,x
Tue Feb 14 16:00:15  2017,x,x,x
Tue Feb 14 16:15:05  2017,x,x,x
Tue Feb 14 16:30:20  2017,x,x,x
Tue Feb 14 16:45:07  2017,x,x,x
Tue Feb 14 17:00:30  2017,x,x,x
Tue Feb 14 17:15:02  2017,x,x,x
Tue Feb 14 17:30:06  2017,x,x,x
Tue Feb 14 17:45:05  2017,x,x,x
Tue Feb 14 18:00:46  2017,x,x,x
Tue Feb 14 18:15:29  2017,x,x,x
Tue Feb 14 18:31:33  2017,x,x,x
Tue Feb 14 18:50:59  2017,x,x,x
Tue Feb 14 19:15:31  2017,x,x,x
Tue Feb 14 19:28:01  2017,x,x,x
Tue Feb 14 19:37:16  2017,x,x,x
Tue Feb 14 19:45:04  2017,x,x,x
Tue Feb 14 20:00:04  2017,x,x,x
Tue Feb 14 20:15:06  2017,x,x,x
Tue Feb 14 20:30:02  2017,x,x,x
Tue Feb 14 20:45:05  2017,x,x,x
Tue Feb 14 21:00:19  2017,x,x,x
Tue Feb 14 21:15:21  2017,x,x,x
Tue Feb 14 21:30:13  2017,x,x,x
Tue Feb 14 21:45:02  2017,x,x,x
Tue Feb 14 22:00:25  2017,x,x,x
Tue Feb 14 22:15:04  2017,x,x,x
Tue Feb 14 22:30:05  2017,x,x,x
Tue Feb 14 22:45:11  2017,x,x,x
Tue Feb 14 23:00:13  2017,x,x,x
Tue Feb 14 23:15:02  2017,x,x,x
Tue Feb 14 23:30:21  2017,x,x,x
Tue Feb 14 23:45:01  2017,x,x,x
Wed Feb 15 00:00:04  2017,x,x,x
Wed Feb 15 00:15:51  2017,x,x,x
Wed Feb 15 00:31:46  2017,x,x,x
Wed Feb 15 00:48:44  2017,x,x,x
Wed Feb 15 01:16:14  2017,x,x,x
Wed Feb 15 01:29:58  2017,x,x,x
Wed Feb 15 01:38:48  2017,x,x,x
Wed Feb 15 01:46:40  2017,x,x,x
Wed Feb 15 02:04:21  2017,x,x,x
Wed Feb 15 02:32:39  2017,x,x,x
Wed Feb 15 02:37:08  2017,x,x,x
Wed Feb 15 03:02:47  2017,x,x,x
Wed Feb 15 03:10:41  2017,x,x,x
Wed Feb 15 03:30:24  2017,x,x,x
Wed Feb 15 03:45:01  2017,x,x,x
Wed Feb 15 04:01:15  2017,x,x,x
Wed Feb 15 04:02:11  2017,x,x,x
Wed Feb 15 04:26:19  2017,x,x,x
Wed Feb 15 04:30:01  2017,x,x,x
Wed Feb 15 04:45:03  2017,x,x,x
Wed Feb 15 05:00:05  2017,x,x,x
Wed Feb 15 05:15:02  2017,x,x,x
Wed Feb 15 05:30:13  2017,x,x,x
Wed Feb 15 05:45:10  2017,x,x,x
Wed Feb 15 06:00:03  2017,x,x,x
Wed Feb 15 06:15:06  2017,x,x,x
Wed Feb 15 06:30:13  2017,x,x,x
Wed Feb 15 06:45:09  2017,x,x,x
Wed Feb 15 07:00:03  2017,x,x,x
Wed Feb 15 07:15:05  2017,x,x,x
Wed Feb 15 07:30:27  2017,x,x,x
Wed Feb 15 07:45:12  2017,x,x,x
Wed Feb 15 08:00:13  2017,x,x,x
Wed Feb 15 08:15:04  2017,x,x,x
Wed Feb 15 08:30:09  2017,x,x,x
Wed Feb 15 08:45:11  2017,x,x,x
Wed Feb 15 09:00:22  2017,x,x,x
Wed Feb 15 09:15:04  2017,x,x,x
Wed Feb 15 09:30:08  2017,x,x,x
Wed Feb 15 09:45:07  2017,x,x,x
Wed Feb 15 10:00:13  2017,x,x,x
Wed Feb 15 10:15:01  2017,x,x,x
Wed Feb 15 10:30:07  2017,x,x,x
Wed Feb 15 10:45:04  2017,x,x,x
Wed Feb 15 11:00:04  2017,x,x,x
Wed Feb 15 11:15:14  2017,x,x,x
Wed Feb 15 11:30:12  2017,x,x,x
Wed Feb 15 11:45:14  2017,x,x,x
Wed Feb 15 12:00:12  2017,x,x,x
Wed Feb 15 12:15:18  2017,x,x,x
Wed Feb 15 12:30:17  2017,x,x,x
Wed Feb 15 12:45:02  2017,x,x,x
Wed Feb 15 13:00:01  2017,x,x,x
Wed Feb 15 13:15:02  2017,x,x,x
Wed Feb 15 13:30:10  2017,x,x,x
Wed Feb 15 13:45:12  2017,x,x,x
Wed Feb 15 14:00:12  2017,x,x,x
Wed Feb 15 14:15:04  2017,x,x,x
Wed Feb 15 22:45:01  2017,x,x,x
Wed Feb 15 15:00:01  2017,x,x,x
Wed Feb 15 15:15:01  2017,x,x,x
Wed Feb 15 15:30:01  2017,x,x,x
Wed Feb 15 15:45:01  2017,x,x,x
Wed Feb 15 16:00:01  2017,x,x,x
Wed Feb 15 16:15:01  2017,x,x,x
Wed Feb 15 16:30:01  2017,x,x,x
Wed Feb 15 16:45:01  2017,x,x,x
Wed Feb 15 17:00:01  2017,x,x,x
Wed Feb 15 17:15:01  2017,x,x,x
Wed Feb 15 17:30:01  2017,x,x,x
Wed Feb 15 17:45:01  2017,x,x,x
Wed Feb 15 18:00:01  2017,x,x,x
Wed Feb 15 18:15:01  2017,x,x,x
Wed Feb 15 18:30:02  2017,x,x,x
Wed Feb 15 18:45:01  2017,x,x,x
Wed Feb 15 19:00:01  2017,x,x,x
Wed Feb 15 19:15:01  2017,x,x,x
Wed Feb 15 19:30:01  2017,x,x,x
Wed Feb 15 19:45:01  2017,x,x,x
Wed Feb 15 20:00:01  2017,x,x,x
Wed Feb 15 20:15:01  2017,x,x,x
Wed Feb 15 20:30:01  2017,x,x,x
Wed Feb 15 20:45:01  2017,x,x,x
Wed Feb 15 21:00:01  2017,x,x,x
Wed Feb 15 21:15:01  2017,x,x,x
Wed Feb 15 21:30:01  2017,x,x,x
Wed Feb 15 21:45:01  2017,x,x,x
Wed Feb 15 22:00:01  2017,x,x,x
Wed Feb 15 22:15:01  2017,x,x,x
Wed Feb 15 22:30:01  2017,x,x,x
Wed Feb 15 22:45:01  2017,x,x,x
Wed Feb 15 23:00:01  2017,x,x,x
Wed Feb 15 23:15:01  2017,x,x,x
Wed Feb 15 23:30:01  2017,x,x,x
Wed Feb 15 23:45:01  2017,x,x,x
Thu Feb 16 00:00:01  2017,x,x,x
Thu Feb 16 00:15:01  2017,x,x,x
Thu Feb 16 00:30:01  2017,x,x,x
Thu Feb 16 00:45:01  2017,x,x,x
Thu Feb 16 01:00:01  2017,x,x,x
Thu Feb 16 01:15:01  2017,x,x,x
Thu Feb 16 01:30:01  2017,x,x,x
Thu Feb 16 01:45:01  2017,x,x,x
Thu Feb 16 02:00:01  2017,x,x,x
Thu Feb 16 02:15:01  2017,x,x,x
Thu Feb 16 02:30:01  2017,x,x,x
Thu Feb 16 02:45:01  2017,x,x,x
Thu Feb 16 03:00:01  2017,x,x,x
Thu Feb 16 03:15:02  2017,x,x,x
Thu Feb 16 03:30:01  2017,x,x,x
Thu Feb 16 03:45:01  2017,x,x,x
Thu Feb 16 04:00:01  2017,x,x,x
Thu Feb 16 04:15:01  2017,x,x,x
Thu Feb 16 04:30:01  2017,x,x,x
Thu Feb 16 04:45:01  2017,x,x,x
Thu Feb 16 05:00:01  2017,x,x,x
Thu Feb 16 05:15:01  2017,x,x,x
Thu Feb 16 05:30:01  2017,x,x,x
Thu Feb 16 05:45:01  2017,x,x,x
Thu Feb 16 06:00:01  2017,x,x,x
Thu Feb 16 06:15:01  2017,x,x,x
Thu Feb 16 06:30:01  2017,x,x,x
Thu Feb 16 06:45:01  2017,x,x,x
Thu Feb 16 07:00:01  2017,x,x,x
Thu Feb 16 07:15:01  2017,x,x,x
Thu Feb 16 07:30:01  2017,x,x,x
Thu Feb 16 07:45:01  2017,x,x,x
Thu Feb 16 08:00:01  2017,x,x,x
Thu Feb 16 08:15:01  2017,x,x,x
Thu Feb 16 08:30:01  2017,x,x,x
Thu Feb 16 08:45:01  2017,x,x,x
Thu Feb 16 09:00:01  2017,x,x,x
Thu Feb 16 09:15:01  2017,x,x,x
Thu Feb 16 09:30:01  2017,x,x,x
Thu Feb 16 09:45:01  2017,x,x,x
Thu Feb 16 10:00:01  2017,x,x,x
Thu Feb 16 10:15:01  2017,x,x,x
Thu Feb 16 10:30:01  2017,x,x,x
Thu Feb 16 10:45:01  2017,x,x,x
Thu Feb 16 11:00:01  2017,x,x,x
Thu Feb 16 11:15:01  2017,x,x,x
Thu Feb 16 11:30:01  2017,x,x,x
Thu Feb 16 11:45:01  2017,x,x,x
Thu Feb 16 12:00:01  2017,x,x,x
Thu Feb 16 12:15:01  2017,x,x,x
Thu Feb 16 12:30:01  2017,x,x,x
Thu Feb 16 12:45:01  2017,x,x,x
Thu Feb 16 13:00:01  2017,x,x,x
Thu Feb 16 13:15:01  2017,x,x,x
Thu Feb 16 13:30:01  2017,x,x,x
Thu Feb 16 13:45:01  2017,x,x,x
Thu Feb 16 14:00:01  2017,x,x,x
Thu Feb 16 14:15:01  2017,x,x,x
Thu Feb 16 14:30:01  2017,x,x,x
Thu Feb 16 14:45:01  2017,x,x,x
Thu Feb 16 15:00:01  2017,x,x,x
Thu Feb 16 15:15:01  2017,x,x,x
Thu Feb 16 15:30:01  2017,x,x,x
Thu Feb 16 15:45:01  2017,x,x,x
Thu Feb 16 16:00:01  2017,x,x,x
Thu Feb 16 16:15:01  2017,x,x,x
Thu Feb 16 16:30:01  2017,x,x,x
Thu Feb 16 16:45:01  2017,x,x,x
Thu Feb 16 17:00:01  2017,x,x,x
Thu Feb 16 17:15:01  2017,x,x,x
Thu Feb 16 17:30:01  2017,x,x,x
Thu Feb 16 17:45:01  2017,x,x,x
Thu Feb 16 18:00:01  2017,x,x,x
Thu Feb 16 18:15:01  2017,x,x,x
Thu Feb 16 18:30:01  2017,x,x,x
Thu Feb 16 18:45:01  2017,x,x,x
Thu Feb 16 19:00:01  2017,x,x,x
Thu Feb 16 19:15:01  2017,x,x,x
Thu Feb 16 19:30:01  2017,x,x,x
Thu Feb 16 19:45:01  2017,x,x,x
Thu Feb 16 20:00:01  2017,x,x,x
Thu Feb 16 20:15:01  2017,x,x,x
Thu Feb 16 20:30:01  2017,x,x,x
Thu Feb 16 20:45:01  2017,x,x,x
Thu Feb 16 21:00:01  2017,x,x,x
Thu Feb 16 21:15:01  2017,x,x,x
Thu Feb 16 21:30:01  2017,x,x,x
Thu Feb 16 21:45:01  2017,x,x,x
Thu Feb 16 22:00:01  2017,x,x,x
Thu Feb 16 22:15:01  2017,x,x,x
Thu Feb 16 22:30:01  2017,x,x,x
Thu Feb 16 22:45:01  2017,x,x,x
Thu Feb 16 23:00:01  2017,x,x,x
Thu Feb 16 23:15:01  2017,x,x,x
Thu Feb 16 23:30:01  2017,x,x,x
Thu Feb 16 23:45:01  2017,x,x,x
Fri Feb 17 00:00:01  2017,x,x,x
Fri Feb 17 00:15:01  2017,x,x,x
Fri Feb 17 00:30:01  2017,x,x,x
Fri Feb 17 00:45:01  2017,x,x,x
Fri Feb 17 01:00:01  2017,x,x,x
Fri Feb 17 01:15:01  2017,x,x,x
Fri Feb 17 01:30:01  2017,x,x,x
Fri Feb 17 01:45:01  2017,x,x,x
Fri Feb 17 02:00:01  2017,x,x,x
Fri Feb 17 02:15:01  2017,31.065 ,1.83 ,8.78 
Fri Feb 17 02:30:01  2017,31.62 ,0.82 ,0.00
Fri Feb 17 02:45:01  2017,x,x,x
Fri Feb 17 03:00:01  2017,34.389 ,0.00 ,0.00 
Fri Feb 17 03:15:01  2017,35.633 ,3.12 ,0.00
Fri Feb 17 03:30:01  2017,x,x,x
Fri Feb 17 03:45:01  2017,x,x,x
Fri Feb 17 04:00:01  2017,x,x,x
Fri Feb 17 04:15:01  2017,x,x,x
Fri Feb 17 04:30:01  2017,32.583 ,0.38 ,0.00 
Fri Feb 17 04:45:01  2017,x,x,x
Fri Feb 17 05:00:01  2017,x,x,x
Fri Feb 17 05:15:01  2017,37.227 ,0.00 ,0.00 
Fri Feb 17 05:30:01  2017,x,x,x
Fri Feb 17 05:45:01  2017,x,x,x
Fri Feb 17 06:00:01  2017,x,x,x
Fri Feb 17 06:15:01  2017,37.268 ,1.02 ,0.00 
Fri Feb 17 06:30:01  2017,x,x,x
Fri Feb 17 06:45:01  2017,600026.477 ,0.00 ,0.00 
Fri Feb 17 07:00:01  2017,33.108 ,0.66 ,0.00 
Fri Feb 17 07:15:01  2017,x,x,x
Fri Feb 17 07:30:01  2017,x,x,x
Fri Feb 17 07:45:01  2017,x,x,x
Fri Feb 17 08:00:02  2017,x,x,x
Fri Feb 17 08:15:01  2017,x,x,x
Fri Feb 17 08:30:01  2017,x,x,x
Fri Feb 17 08:45:01  2017,x,x,x
Fri Feb 17 09:00:01  2017,x,x,x
Fri Feb 17 09:15:01  2017,x,x,x
Fri Feb 17 09:30:01  2017,x,x,x
Fri Feb 17 09:45:01  2017,x,x,x
Fri Feb 17 10:00:01  2017,x,x,x
Fri Feb 17 10:15:01  2017,x,x,x
Fri Feb 17 10:30:01  2017,x,x,x
Fri Feb 17 10:45:01  2017,x,x,x
Fri Feb 17 11:00:01  2017,x,x,x
Fri Feb 17 11:15:01  2017,x,x,x
Fri Feb 17 11:30:01  2017,x,x,x
Fri Feb 17 11:45:01  2017,x,x,x
Fri Feb 17 12:00:01  2017,x,x,x
Fri Feb 17 12:15:01  2017,x,x,x
Fri Feb 17 12:30:01  2017,x,x,x
Fri Feb 17 12:45:01  2017,x,x,x
Fri Feb 17 13:00:01  2017,x,x,x
Fri Feb 17 13:15:01  2017,x,x,x
Fri Feb 17 13:30:01  2017,x,x,x
Fri Feb 17 13:45:01  2017,x,x,x
Fri Feb 17 14:00:01  2017,x,x,x
Fri Feb 17 14:15:01  2017,x,x,x
Fri Feb 17 14:30:01  2017,x,x,x
Fri Feb 17 14:45:01  2017,x,x,x
Fri Feb 17 15:00:01  2017,x,x,x
Fri Feb 17 15:15:01  2017,x,x,x
Fri Feb 17 15:30:01  2017,x,x,x
Fri Feb 17 15:45:01  2017,x,x,x
Fri Feb 17 16:00:01  2017,x,x,x
Fri Feb 17 16:15:01  2017,x,x,x
Fri Feb 17 16:30:01  2017,x,x,x
Fri Feb 17 16:45:01  2017,x,x,x
Fri Feb 17 17:00:01  2017,x,x,x
Fri Feb 17 17:15:01  2017,x,x,x
Fri Feb 17 17:30:01  2017,x,x,x
Fri Feb 17 17:45:01  2017,x,x,x
Fri Feb 17 18:00:01  2017,x,x,x
Fri Feb 17 18:15:01  2017,x,x,x
Fri Feb 17 18:30:01  2017,x,x,x
Fri Feb 17 18:45:01  2017,x,x,x
Fri Feb 17 19:00:01  2017,x,x,x
Fri Feb 17 19:15:01  2017,x,x,x
Fri Feb 17 19:30:01  2017,x,x,x
Fri Feb 17 19:45:01  2017,x,x,x
Fri Feb 17 20:00:02  2017,x,x,x
Fri Feb 17 20:15:01  2017,x,x,x
Fri Feb 17 20:30:01  2017,x,x,x
Fri Feb 17 20:45:01  2017,x,x,x
Fri Feb 17 21:00:01  2017,x,x,x
Fri Feb 17 21:15:01  2017,x,x,x
Fri Feb 17 21:30:01  2017,x,x,x
Fri Feb 17 21:45:01  2017,x,x,x
Fri Feb 17 22:00:01  2017,x,x,x
Fri Feb 17 22:15:01  2017,x,x,x
Fri Feb 17 22:30:01  2017,x,x,x
Fri Feb 17 22:45:01  2017,x,x,x
Fri Feb 17 23:00:01  2017,x,x,x
Fri Feb 17 23:15:01  2017,x,x,x
Fri Feb 17 23:30:01  2017,x,x,x
Fri Feb 17 23:45:01  2017,x,x,x
Sat Feb 18 00:00:01  2017,x,x,x
Sat Feb 18 00:15:01  2017,x,x,x
Sat Feb 18 00:30:01  2017,x,x,x
Sat Feb 18 00:45:01  2017,x,x,x
Sat Feb 18 01:00:01  2017,x,x,x
Sat Feb 18 01:15:01  2017,x,x,x
Sat Feb 18 01:30:01  2017,x,x,x
Sat Feb 18 01:45:01  2017,x,x,x
Sat Feb 18 02:00:01  2017,x,x,x
Sat Feb 18 02:15:01  2017,x,x,x
Sat Feb 18 02:30:01  2017,x,x,x
Sat Feb 18 02:45:01  2017,40.566 ,0.75 0.00 
Sat Feb 18 03:00:01  2017,33.499 ,0.00 ,0.00 
Sat Feb 18 03:15:02  2017,32.631 ,0.32 ,0.00 
Sat Feb 18 03:30:01  2017,x,x,x
Sat Feb 18 03:45:01  2017,33.933 ,2.00 ,0.00 
Sat Feb 18 04:00:01  2017,33.031 ,1.96 ,0.00 
Sat Feb 18 04:15:01  2017,31.616 ,3.20 ,0.00 
Sat Feb 18 04:30:01  2017,x,x,x
Sat Feb 18 04:45:01  2017,31.69 ,1.12 ,0.00 
Sat Feb 18 05:00:01  2017,35.518 ,2.78 ,0.00 
Sat Feb 18 05:15:01  2017,x,x,x
Sat Feb 18 05:30:01  2017,31.12 ,1.93 ,0.00 
Sat Feb 18 05:45:01  2017,34.846 ,0.00 ,0.00 
Sat Feb 18 06:00:01  2017,34.056 ,4.50 ,0.00 
Sat Feb 18 06:15:01  2017,x,x,x
Sat Feb 18 06:30:01  2017,x,x,x
Sat Feb 18 06:45:01  2017,33.18 ,0.00 ,0.00 
Sat Feb 18 07:00:01  2017,x,x,x
Sat Feb 18 07:15:01  2017,31.29 ,7.75 ,9.28 
Sat Feb 18 07:30:01  2017,x,x,x
Sat Feb 18 07:45:01  2017,x,x,x
Sat Feb 18 08:00:01  2017,x,x,x
Sat Feb 18 08:15:02  2017,x,x,x
Sat Feb 18 08:30:01  2017,x,x,x
Sat Feb 18 08:45:01  2017,x,x,x
Sat Feb 18 09:00:01  2017,x,x,x
Sat Feb 18 09:15:01  2017,x,x,x
Sat Feb 18 09:30:01  2017,x,x,x
Sat Feb 18 09:45:01  2017,x,x,x
Sat Feb 18 10:00:01  2017,x,x,x
Sat Feb 18 10:15:01  2017,x,x,x
Sat Feb 18 10:30:01  2017,x,x,x
Sat Feb 18 10:45:01  2017,x,x,x
Sat Feb 18 11:00:02  2017,x,x,x
Sat Feb 18 11:15:01  2017,x,x,x
Sat Feb 18 11:30:01  2017,x,x,x
Sat Feb 18 11:45:01  2017,x,x,x
Sat Feb 18 12:00:01  2017,x,x,x
Sat Feb 18 12:15:01  2017,x,x,x
Sat Feb 18 12:30:01  2017,x,x,x
Sat Feb 18 12:45:01  2017,x,x,x
Sat Feb 18 13:00:01  2017,x,x,x
Sat Feb 18 13:15:01  2017,x,x,x
Sat Feb 18 13:30:01  2017,x,x,x
Sat Feb 18 13:45:01  2017,x,x,x
Sat Feb 18 14:00:01  2017,x,x,x
Sat Feb 18 14:15:01  2017,x,x,x
Sat Feb 18 14:30:01  2017,x,x,x
Sat Feb 18 14:45:01  2017,x,x,x
Sat Feb 18 15:00:01  2017,x,x,x
Sat Feb 18 15:15:01  2017,x,x,x
Sat Feb 18 15:30:01  2017,x,x,x
Sat Feb 18 15:45:02  2017,x,x,x
Sat Feb 18 16:00:01  2017,x,x,x
Sat Feb 18 16:15:01  2017,x,x,x
Sat Feb 18 16:30:01  2017,x,x,x
Sat Feb 18 16:45:01  2017,x,x,x
Sat Feb 18 17:00:01  2017,x,x,x
Sat Feb 18 17:15:01  2017,x,x,x
Sat Feb 18 17:30:01  2017,x,x,x
Sat Feb 18 17:45:01  2017,x,x,x
Sat Feb 18 18:00:01  2017,x,x,x
Sat Feb 18 18:15:01  2017,x,x,x
Sat Feb 18 18:30:01  2017,x,x,x
Sat Feb 18 18:45:01  2017,x,x,x
Sat Feb 18 19:00:01  2017,x,x,x
Sat Feb 18 19:15:01  2017,x,x,x
Sat Feb 18 19:30:01  2017,x,x,x
Sat Feb 18 19:45:01  2017,x,x,x
Sat Feb 18 20:00:01  2017,x,x,x
Sat Feb 18 20:15:01  2017,x,x,x
Sat Feb 18 20:30:01  2017,x,x,x
Sat Feb 18 20:45:01  2017,x,x,x
Sat Feb 18 21:00:01  2017,x,x,x
Sat Feb 18 21:15:01  2017,x,x,x
Sat Feb 18 21:30:01  2017,x,x,x
Sat Feb 18 21:45:01  2017,x,x,x
Sat Feb 18 22:00:01  2017,x,x,x
Sat Feb 18 22:15:01  2017,x,x,x
Sat Feb 18 22:30:01  2017,x,x,x
Sat Feb 18 22:45:01  2017,x,x,x
Sat Feb 18 23:00:01  2017,x,x,x
Sat Feb 18 23:15:01  2017,x,x,x
Sat Feb 18 23:30:01  2017,x,x,x
Sat Feb 18 23:45:01  2017,x,x,x
Sun Feb 19 00:00:01  2017,x,x,x
Sun Feb 19 00:15:01  2017,x,x,x
Sun Feb 19 00:30:01  2017,x,x,x
Sun Feb 19 00:45:01  2017,x,x,x
Sun Feb 19 01:00:01  2017,x,x,x
Sun Feb 19 01:15:01  2017,x,x,x
Sun Feb 19 01:30:01  2017,x,x,x
Sun Feb 19 01:45:01  2017,x,x,x
Sun Feb 19 02:00:02  2017,x,x,x
Sun Feb 19 02:15:01  2017,x,x,x
Sun Feb 19 02:30:01  2017,60.269 ,0.00 ,0.00 
Sun Feb 19 02:45:01  2017,62.648 ,0.00 ,0.00 
Sun Feb 19 03:00:01  2017,31.765 ,0.06 ,0.00 
Sun Feb 19 03:15:01  2017,x,x,x
Sun Feb 19 03:30:01  2017,33.305 ,6.97 ,5.29 
Sun Feb 19 03:45:02  2017,x,x,x
Sun Feb 19 04:00:01  2017,x,x,x
Sun Feb 19 04:15:01  2017,600024.221 ,0.00 ,0.00 
Sun Feb 19 04:30:01  2017,32.07 ,2.21 ,0.00 
Sun Feb 19 04:45:01  2017,x,x,x
Sun Feb 19 05:00:01  2017,32.492 ,2.84 ,0.00 
Sun Feb 19 05:15:01  2017,x,x,x
Sun Feb 19 05:30:01  2017,36.858 ,0.25 ,0.00 
Sun Feb 19 05:45:01  2017,32.611 ,9.34 ,8.47 
Sun Feb 19 06:00:01  2017,237.311 ,0.00 ,0.00 
Sun Feb 19 06:15:01  2017,30.283 ,1.96 ,0.00 
Sun Feb 19 06:30:01  2017,x,x,x
Sun Feb 19 06:45:01  2017,x,x,x
Sun Feb 19 07:00:01  2017,38.217 , 2.75 ,0.00 
Sun Feb 19 07:15:01  2017,x,x,x
Sun Feb 19 07:30:01  2017,x,x,x
Sun Feb 19 07:45:01  2017,x,x,x
Sun Feb 19 08:00:01  2017,x,x,x
Sun Feb 19 08:15:01  2017,x,x,x
Sun Feb 19 08:30:01  2017,x,x,x
Sun Feb 19 08:45:02  2017,x,x,x
Sun Feb 19 09:00:01  2017,x,x,x
Sun Feb 19 09:15:01  2017,x,x,x
Sun Feb 19 09:30:01  2017,x,x,x
Sun Feb 19 09:45:01  2017,x,x,x
Sun Feb 19 10:00:02  2017,x,x,x
Sun Feb 19 10:15:01  2017,x,x,x
Sun Feb 19 10:30:01  2017,x,x,x
Sun Feb 19 10:45:01  2017,x,x,x
Sun Feb 19 11:00:01  2017,x,x,x
Sun Feb 19 11:15:01  2017,x,x,x
Sun Feb 19 11:30:01  2017,x,x,x
Sun Feb 19 11:45:01  2017,x,x,x
Sun Feb 19 12:00:01  2017,x,x,x
Sun Feb 19 12:15:01  2017,x,x,x
Sun Feb 19 12:30:02  2017,x,x,x
Sun Feb 19 12:45:01  2017,x,x,x
Sun Feb 19 13:00:01  2017,x,x,x
Sun Feb 19 13:15:01  2017,x,x,x
Sun Feb 19 13:30:01  2017,x,x,x
Sun Feb 19 13:45:01  2017,x,x,x
Sun Feb 19 14:00:02  2017,x,x,x
Sun Feb 19 14:15:01  2017,x,x,x
Sun Feb 19 14:30:01  2017,x,x,x
Sun Feb 19 14:45:01  2017,x,x,x
Sun Feb 19 15:00:01  2017,x,x,x
Sun Feb 19 15:15:01  2017,x,x,x
Sun Feb 19 15:30:02  2017,x,x,x
Sun Feb 19 15:45:01  2017,x,x,x
Sun Feb 19 16:00:01  2017,x,x,x
Sun Feb 19 16:15:02  2017,x,x,x
Sun Feb 19 16:30:02  2017,x,x,x
Sun Feb 19 16:45:01  2017,x,x,x
Sun Feb 19 17:00:14  2017,x,x,x
Sun Feb 19 17:15:13  2017,x,x,x
Sun Feb 19 17:30:27  2017,x,x,x
Sun Feb 19 17:45:14  2017,x,x,x
Sun Feb 19 18:00:24  2017,x,x,x
Sun Feb 19 18:15:46  2017,x,x,x
Sun Feb 19 18:31:02  2017,x,x,x
Sun Feb 19 18:45:12  2017,x,x,x
Sun Feb 19 19:00:42  2017,x,x,x
Sun Feb 19 19:15:45  2017,x,x,x
Sun Feb 19 19:30:30  2017,x,x,x
Sun Feb 19 19:45:52  2017,x,x,x
Sun Feb 19 20:00:38  2017,x,x,x
Sun Feb 19 20:15:37  2017,x,x,x
Sun Feb 19 20:30:45  2017,x,x,x
Sun Feb 19 20:45:16  2017,x,x,x
Sun Feb 19 21:00:07  2017,x,x,x
Sun Feb 19 21:15:31  2017,x,x,x
Sun Feb 19 21:30:39  2017,x,x,x
Sun Feb 19 21:45:44  2017,x,x,x
Sun Feb 19 22:00:54  2017,x,x,x
Sun Feb 19 22:16:12  2017,x,x,x
Sun Feb 19 22:31:41  2017,x,x,x
Sun Feb 19 22:45:26  2017,x,x,x
Sun Feb 19 23:00:32  2017,x,x,x
Sun Feb 19 23:15:21  2017,x,x,x
Sun Feb 19 23:31:56  2017,x,x,x
Sun Feb 19 23:45:52  2017,x,x,x
Mon Feb 20 00:00:39  2017,x,x,x
Mon Feb 20 00:15:14  2017,x,x,x
Mon Feb 20 00:30:26  2017,x,x,x
Mon Feb 20 00:45:55  2017,x,x,x
Mon Feb 20 01:00:30  2017,x,x,x
Mon Feb 20 01:15:51  2017,x,x,x
Mon Feb 20 01:31:04  2017,x,x,x
Mon Feb 20 01:45:48  2017,x,x,x
Mon Feb 20 02:00:54  2017,x,x,x
Mon Feb 20 02:15:24  2017,x,x,x
Mon Feb 20 02:30:21  2017,x,x,x
Mon Feb 20 02:45:12  2017,x,x,x
Mon Feb 20 03:00:32  2017,x,x,x
Mon Feb 20 03:15:22  2017,x,x,x
Mon Feb 20 03:31:02  2017,x,x,x
Mon Feb 20 03:45:50  2017,x,x,x
Mon Feb 20 04:00:52  2017,x,x,x
Mon Feb 20 04:16:50  2017,x,x,x
Mon Feb 20 04:30:33  2017,x,x,x
Mon Feb 20 04:45:47  2017,x,x,x
Mon Feb 20 05:00:09  2017,x,x,x
Mon Feb 20 05:15:59  2017,x,x,x
Mon Feb 20 05:30:16  2017,x,x,x
Mon Feb 20 05:45:13  2017,x,x,x
Mon Feb 20 06:00:21  2017,x,x,x
Mon Feb 20 06:15:13  2017,x,x,x
Mon Feb 20 06:30:19  2017,x,x,x
Mon Feb 20 06:45:30  2017,x,x,x
Mon Feb 20 07:00:38  2017,x,x,x
Mon Feb 20 07:15:08  2017,x,x,x
Mon Feb 20 07:30:44  2017,x,x,x
Mon Feb 20 07:45:29  2017,x,x,x
Mon Feb 20 08:01:05  2017,x,x,x
Mon Feb 20 08:15:55  2017,x,x,x
Mon Feb 20 08:30:53  2017,x,x,x
Mon Feb 20 08:45:58  2017,x,x,x
Mon Feb 20 09:00:14  2017,x,x,x
Mon Feb 20 09:15:17  2017,x,x,x
Mon Feb 20 09:30:48  2017,x,x,x
Mon Feb 20 09:45:35  2017,x,x,x
Mon Feb 20 10:00:24  2017,x,x,x
Mon Feb 20 10:15:21  2017,x,x,x
Mon Feb 20 10:31:20  2017,x,x,x
Mon Feb 20 10:45:24  2017,x,x,x
Mon Feb 20 11:00:33  2017,x,x,x
Mon Feb 20 11:15:22  2017,x,x,x
Mon Feb 20 11:30:26  2017,x,x,x
Mon Feb 20 11:45:33  2017,x,x,x
Mon Feb 20 12:00:19  2017,x,x,x
Mon Feb 20 12:15:25  2017,x,x,x
Mon Feb 20 12:30:31  2017,x,x,x
Mon Feb 20 12:46:13  2017,x,x,x
Mon Feb 20 13:00:53  2017,x,x,x
Mon Feb 20 13:15:56  2017,x,x,x
Mon Feb 20 13:30:53  2017,x,x,x
Mon Feb 20 13:46:04  2017,x,x,x
Mon Feb 20 14:01:11  2017,x,x,x
Mon Feb 20 14:15:29  2017,x,x,x
Mon Feb 20 14:31:19  2017,x,x,x
Mon Feb 20 14:45:14  2017,x,x,x
Mon Feb 20 15:00:13  2017,x,x,x
Mon Feb 20 15:16:00  2017,x,x,x
Mon Feb 20 15:30:29  2017,x,x,x
Mon Feb 20 15:45:25  2017,x,x,x
Mon Feb 20 16:00:57  2017,x,x,x
Mon Feb 20 16:15:12  2017,x,x,x
Mon Feb 20 16:30:51  2017,x,x,x
Mon Feb 20 16:46:12  2017,x,x,x
Mon Feb 20 17:00:47  2017,x,x,x
Mon Feb 20 17:15:27  2017,x,x,x
Mon Feb 20 17:30:41  2017,x,x,x
Mon Feb 20 17:45:27  2017,x,x,x
Mon Feb 20 18:00:30  2017,x,x,x
Mon Feb 20 18:15:45  2017,x,x,x
Mon Feb 20 18:31:42  2017,x,x,x
Mon Feb 20 18:45:41  2017,x,x,x
Mon Feb 20 19:00:41  2017,x,x,x
Mon Feb 20 19:15:15  2017,x,x,x
Mon Feb 20 19:30:30  2017,x,x,x
Mon Feb 20 19:45:24  2017,x,x,x
Mon Feb 20 20:01:05  2017,x,x,x
Mon Feb 20 20:15:20  2017,x,x,x
Mon Feb 20 20:30:29  2017,x,x,x
Mon Feb 20 20:45:12  2017,x,x,x
Mon Feb 20 21:00:40  2017,x,x,x
Mon Feb 20 21:15:31  2017,x,x,x
Mon Feb 20 21:30:49  2017,x,x,x
Mon Feb 20 21:45:37  2017,x,x,x
Mon Feb 20 22:00:07  2017,x,x,x
Mon Feb 20 22:15:21  2017,x,x,x
Mon Feb 20 22:30:50  2017,x,x,x
Mon Feb 20 22:45:18  2017,x,x,x
Mon Feb 20 23:00:23  2017,x,x,x
Mon Feb 20 23:15:52  2017,x,x,x
Mon Feb 20 23:30:19  2017,x,x,x
Mon Feb 20 23:46:05  2017,x,x,x
Tue Feb 21 00:00:12  2017,x,x,x
Tue Feb 21 00:15:04  2017,x,x,x
Tue Feb 21 00:30:19  2017,x,x,x
Tue Feb 21 00:45:12  2017,x,x,x
Tue Feb 21 01:00:48  2017,x,x,x
Tue Feb 21 01:16:30  2017,x,x,x
Tue Feb 21 01:30:25  2017,x,x,x
Tue Feb 21 01:45:34  2017,x,x,x
Tue Feb 21 02:00:30  2017,x,x,x
Tue Feb 21 02:15:08  2017,x,x,x
Tue Feb 21 02:30:16  2017,x,x,x
Tue Feb 21 02:45:05  2017,x,x,x
Tue Feb 21 03:00:21  2017,x,x,x
Tue Feb 21 03:15:16  2017,x,x,x
Tue Feb 21 03:30:57  2017,x,x,x
Tue Feb 21 03:45:15  2017,x,x,x
Tue Feb 21 04:00:27  2017,x,x,x
Tue Feb 21 04:15:31  2017,x,x,x
Tue Feb 21 04:30:24  2017,x,x,x
Tue Feb 21 04:46:39  2017,x,x,x
Tue Feb 21 05:00:47  2017,x,x,x
Tue Feb 21 05:15:13  2017,x,x,x
Tue Feb 21 05:30:25  2017,x,x,x
Tue Feb 21 05:45:13  2017,x,x,x
Tue Feb 21 06:00:13  2017,x,x,x
Tue Feb 21 06:15:38  2017,x,x,x
Tue Feb 21 06:30:50  2017,x,x,x
Tue Feb 21 06:45:17  2017,x,x,x
Tue Feb 21 07:00:15  2017,x,x,x
Tue Feb 21 07:15:46  2017,x,x,x
Tue Feb 21 07:30:37  2017,x,x,x
Tue Feb 21 07:45:18  2017,x,x,x
Tue Feb 21 08:00:12  2017,x,x,x
Tue Feb 21 08:16:57  2017,x,x,x
Tue Feb 21 08:30:59  2017,x,x,x
Tue Feb 21 08:45:33  2017,x,x,x
Tue Feb 21 09:00:40  2017,x,x,x
Tue Feb 21 09:15:12  2017,x,x,x
Tue Feb 21 09:30:36  2017,x,x,x
Tue Feb 21 09:45:45  2017,x,x,x
Tue Feb 21 10:00:29  2017,x,x,x
Tue Feb 21 10:15:37  2017,x,x,x
Tue Feb 21 10:30:27  2017,x,x,x
Tue Feb 21 10:45:42  2017,x,x,x
Tue Feb 21 11:00:14  2017,x,x,x
Tue Feb 21 11:16:00  2017,x,x,x
Tue Feb 21 11:30:17  2017,x,x,x
Tue Feb 21 11:45:42  2017,x,x,x
Tue Feb 21 12:00:50  2017,x,x,x
Tue Feb 21 12:15:15  2017,x,x,x
Tue Feb 21 12:30:31  2017,x,x,x
Tue Feb 21 12:46:08  2017,x,x,x
Tue Feb 21 13:00:43  2017,x,x,x
Tue Feb 21 13:15:29  2017,x,x,x
Tue Feb 21 13:30:10  2017,x,x,x
Tue Feb 21 13:45:32  2017,x,x,x
Tue Feb 21 14:01:26  2017,x,x,x
Tue Feb 21 14:15:37  2017,x,x,x
Tue Feb 21 14:30:43  2017,x,x,x
Tue Feb 21 14:45:41  2017,x,x,x
Tue Feb 21 15:00:37  2017,x,x,x
Tue Feb 21 15:15:49  2017,x,x,x
Tue Feb 21 15:30:49  2017,x,x,x
Tue Feb 21 15:45:38  2017,x,x,x
Tue Feb 21 16:00:09  2017,x,x,x
Tue Feb 21 21:30:01  2017,x,x,x
Tue Feb 21 21:45:01  2017,x,x,x

